연번,관광지명,주소,위도,경도,문화재구분,문화재번호,전화번호,관광테마,주차장 여부,주차 대수,기타_홈페이지 주소,상세내용
1,보물섬 승마랜드,경상남도 남해군 창선면 동부대로 2310,34.8621203,128.0150717,관광지,,0507-1384-0558,"봄, 여름, 가을, 겨울, 친구, 키즈, 연인, 우정女, 우정男, 효도, 나홀로, 단체",Y,,,"조선왕조 시기 전역이 목장으로 설치되었던 창선도에 조성된 공공승마장. 먹이주기, 승마체험에서부터 승마에 대한 전문 교육도 가능하다."
2,남해서프라이즈,경상남도 남해군 상주면 남해대로697번길 50 (송림빌라) 1층,34.7207209,127.9843436,관광지,,,"봄, 여름, 가을, 겨울, 자가용/렌트, 친구, 키즈, 연인, 우정女, 우정男, 나홀로, 단체",Y,,,
3,화계 배선대,경상남도 남해군 이동면 화계리,34.7789245,127.9446796,관광지,,,,N,,,
4,덕신 줄당기기,경상남도 남해군 설천면 덕신리,34.927367,127.879469,관광지,,,,N,,,
5,남해화전매구보존회,경상남도 남해군 고현면 탑동로 42,34.8955192,127.8742401,관광지,,,,N,,,
6,남해고현집들이굿놀음보존회,경상남도 남해군 고현면 탑동로 65-31,34.8964003,127.8719738,관광지,,,,N,,,
7,한국연예예술인총연합회 남해지회,경상남도 남해군 남해읍 화전로 114-10,34.8419365,127.8946266,관광지,,,,N,,,
8,한국음악협회 남해지부,경상남도 남해군 남해읍 망운로 1-2,34.8379872,127.8937679,관광지,,,,N,,,
9,한국미술협회 남해지부,경상남도 남해군 삼동면 양화금로52번길 36-22,34.821176,128.0461754,관광지,,,,N,,,
10,한국문인협회 남해지부,경상남도 남해군 삼동면 동부대로1876번나길 34-1,34.8307585,128.0025151,관광지,,,,N,,,
11,남해문화원,경상남도 남해군 남해읍 선소로 12,34.8451138,127.8995432,관광지,,055-864-6969,,Y,,http://www.ccnh.or.kr/html/main/main.php,
12,뮤지엄남해&동창선아트스테이,경상남도 남해군 창선면 연곡로 13 뮤지엄남해,34.8700475,128.0408541,관광지,,055-867-2021,"봄, 여름, 가을, 겨울, 자가용/렌트, 친구, 키즈, 연인, 우정女",Y,,http://www.xn--q20bo4d78is4fp3bg9flgk2a71j19glzhd2qfle30l.com/danuri.web,"폐교를 개조하여 재탄생된 복합문화공간인 뮤지엄 남해&동창선 아트스테이는 시각예술, 조형, 설치 등 다양한 장르의 전시를 개최하고, 레지던스 작가들과 함께하는 지역연계 프로그램을 진행함으로써 수준 높은 문화예술향유 기회를 제공한다. 아이들을 위한 물놀이장과 오토 캠핑장도 갖춰져있다."
13,남해각,경상남도 남해군 설천면 남해대로 4216,34.9407443,127.8724304,관광지,,055-860-8611,"봄, 여름, 가을, 겨울, 자가용/렌트, 친구, 키즈, 연인, 우정女, 우정男, 나홀로",Y,,http://namhaegak.com/,44년간 여관과 휴게소로서의 역할을 다한 이 유휴공간은 2021년 문화공간으로 탈바꿈되었다.
14,빛담촌,경남 남해군 남면 선구리 1405,34.7299086,127.8678414,관광지,,1588-3415,"마을여행, 봄, 여름, 가을, 겨울, 자가용/렌트, 친구, 키즈, 연인, 우정女, 우정男, 나홀로",Y,20,,"조용하고 아늑한 이 마을은 2011년 남해군이 남면 선구리 항촌마을에 조성한 펜션 단지이다. 21,764.7㎡ 규모로 조성된 빛담촌은 청정 남해바다와 조화를 이룬 쾌적한 주거·휴양 공간으로, 복잡한 현대 사회에 지친 도시민들과 귀촌을 꿈꾸는 사람들에게 ‘머물고 싶은 곳’으로 각광받고 있다."
15,남해충렬사와 노량회타운,남해군 노량로183번길 27,34.9419198,127.875899,관광지,,055-860-3311,"관광명소, 봄, 여름, 가을, 겨울, 자가용/렌트, 친구, 연인, 우정女, 우정男, 효도, 나홀로, 단체",Y,,,
16,남해양떼목장 양마르뜨 언덕,경상남도 남해군 삼동면 금암로 179-45,34.7904325,128.0241394,관광지,,,"봄, 여름, 가을, 겨울, 자가용/렌트, 친구, 키즈, 연인, 우정女, 우정男, 효도, 나홀로, 단체",Y,,https://www.nh-yang.com/,"삼동면 봉화리 131, 일대에 2018년 5월 개장한 이곳은 삼동면 일대의 인기 관광지가 다 집약된 곳 중 노른자 위치에 자리한 양떼목장이기에 접근성이 빼어나다. 가을 단풍이 좋기로 유명한 삼동면 내산에 자리한 이 목장의 주변은 편백자연휴양림, 나비생태공원, 바람흔적미술관과 이웃하며 독일마을, 해오름예술촌과도 연계해 가기 좋다. 매일 오전 11시에서 3시 사이 매시 정각에 하는 ‘양몰이 공연’이 유명한 이곳 양마르뜨 목장은 방송 출연으로도 화제가 되었던 ‘양몰이 개’ 모스가 유명하다. 양을 모는 검은 개 ‘모스’가 선두에서 수 십마리의 양을 모는 모습은 그야말로 드라마틱한 장면의 연속이다. 간혹 무리에서 이탈한 한 두 마리의 어린 양을 발견하기도 하는 재미는 덤으로 따라온다. 양몰이 공연이 마치면 원반던지기 체험도 종종 이어진다."
17,지족구거리,경상남도 남해군 삼동면 동부대로1876번길 1,34.8317412,128.0001099,관광지,,,"봄, 여름, 가을, 겨울, 자가용/렌트, 친구, 키즈, 연인, 우정女, 우정男, 효도, 나홀로",N,,,
18,설리 스카이워크,경상남도 남해군 미조면 송정리 1029-13번지 일원,34.7085043,128.0229475,관광지,,070-423-1117,"봄, 여름, 가을, 겨울, 자가용/렌트, 친구, 키즈, 연인, 우정女, 우정男, 효도, 나홀로, 단체",Y,,,"일명 '하늘 그네'라 불리는 스카이워크 그네는 높이 38m로 세계인이 사랑하는 휴양지인 인도네시아 발리의 명물, '발리섬의 그네'를 모티브로 제작되어 하늘과 맞닿고 발아래로는 바다로 풍덩 빠져 들것만 같은 극강의 아찔함을 준다. 야간에는 스카이워크 전체에서 경관조명을 감상할 수 있다."
19,돌창고,경상남도 남해군 삼동면 봉화로 538-1 남해 돌창고,34.8095001,127.9816927,관광지,,,"봄, 여름, 가을, 겨울, 자가용/렌트, 친구, 키즈, 연인, 우정女, 우정男, 효도, 나홀로",Y,,https://dolchanggo.com/,
20,장항거리,경상남도 남해군 서면 남서대로1517번길 31,34.8004847,127.8364069,관광지,,,"봄, 여름, 가을, 겨울, 자가용/렌트, 친구, 키즈, 연인, 우정女, 우정男, 효도, 나홀로",N,,,
21,설리어촌체험휴양마을,경상남도 남해군 미조면 미송로303번길 75-12,34.7044377,128.0269308,관광지,,,"봄, 여름, 가을, 겨울, 자가용/렌트, 친구, 키즈, 연인, 우정女, 우정男, 단체",Y,,http://www.xn--oy2b2b862as3eg7bu8mura767c.kr/,"남해의 최남단에 위치한 조그마한 어촌마을로 마을 앞에는 약500m 길이의 백사장과 삼면이 바다로 둘러쌓여 있고 떼섬, 사도 등 크고 작은 섬들이 즐비하여 경치 좋고 아름다운 어촌 마을이다. 여름 피서철에는 아름다운 백사장에서 해수욕 및 해양 레포츠 등 다양한 체험프로그램을 즐길수 있는 한국의 나폴리라 불리우는 곳이다."
22,보물섬 드론 체험장,경상남도 남해군 상주면 상주로 60번길 69,34.7243804,127.9805869,관광지,,055-860-8671,"봄, 여름, 가을, 겨울, 자가용/렌트, 친구, 키즈, 연인, 우정女, 우정男",Y,,,상주한려해상체육공원 내 드론체험장에서 상주은모래비치의 아름다운 풍경을 4차 산업의 선두주자 드론의 눈으로 담고 체험할 수 있다.
23,노량대교와 노량대교홍보관,경상남도 하동군 금남면 섬진강대로 61,34.9487339,127.8663964,관광지,,055-883-5500,"봄, 여름, 가을, 겨울, 자가용/렌트, 친구, 키즈, 연인, 우정女, 우정男, 효도, 단체",Y,,,
24,지족어촌관광단지,경상남도 남해군 삼동면 죽방로 65,34.8312904,127.9957367,관광지,,055-867-2662,"봄, 여름, 가을, 겨울, 자가용/렌트, 버스, 친구, 키즈, 연인, 우정女, 우정男, 효도, 나홀로, 단체",Y,,,
25,물미해안전망대,경상남도 남해군 삼동면 동부대로 720,34.769833,128.0533244,관광지,,0507-1377-0047,"봄, 여름, 가을, 겨울, 자가용/렌트, 친구, 연인, 우정女, 우정男",Y,74,,"하늘 위를 걷는듯한 아찔한 액티비티 스카이워크! 360도 조망이 가능한 원통형으로 조성되어 자유로운 여행객들에게 구불구불한 물미해안도로속에 한 점 쉬어가는 공간을 제공하고 있다. 1층에는 다양한 품목을 살 수 있는 남해군 특산품 판매장, 2층에는 베이커리 카페와 옥상 전망대로 꾸며져 있다."
26,옻채art,경상남도 남해군 서면 남서대로 1903 (작장리 271번지),34.8239415,127.8235046,관광지,,,"봄, 여름, 가을, 겨울, 친구, 키즈, 연인, 우정女, 우정男, 효도, 나홀로",Y,,,
27,설리해수욕장,경상남도 남해군 미조면 미송로303번길 48-1,34.707512,128.0261567,관광지,,055-860-3371,"봄, 여름, 가을, 겨울, 자가용/렌트, 친구, 키즈, 연인, 우정女, 우정男, 효도, 나홀로",Y,,,"설리라는 이름은 백사장이 하얀 눈같다하여 붙여진 이름이다. 이탈리아 나폴리, 크라오티아의 로비니로 불리며 어촌체험과 각종 해양스포츠를 즐길 수 있다"
28,이터널 저니 남해,경상남도 남해군 남면 남서대로1179번길 40-109 아난티 남해 스위트 타워 7동,34.7772024,127.8530819,관광지,,055-860-0688,"봄, 여름, 가을, 겨울, 자가용/렌트, 버스, 친구, 키즈, 연인, 우정女, 효도, 나홀로",Y,,https://ananti.kr/ko,
29,토피아랜드 테마정원,경상남도 남해군 창선면 서부로 270-106,34.8455957,127.9818706,관광지,,055-867-1182,"봄, 여름, 가을, 자가용/렌트, 친구, 키즈, 연인, 우정女, 우정男, 효도, 단체",Y,25,,건국 최초의 토피어리 공원이자 경남 민간정원 제3호로 나무 존재 자체로 힐링이 됨과 동시에 500여 그루의 편백나무 둘레길에서 휴식을 즐길 수 있다.
30,남해 상상양떼목장 편백숲,경상남도 남해군 설천면 설천로775번길 364,34.9361826,127.8906311,관광지,,055-862-5300,"봄, 여름, 가을, 겨울, 자가용/렌트, 친구, 키즈, 연인, 우정女, 우정男, 효도",Y,,http://yangttefarm.com/,"굽이굽이 구불구불 비탈진 인생도 생애 어느 날만큼은 탁 트인 초원에서 모든 상념을 내려놓고 쉬어 가야 하지 않을까. 탁 트인 드넓은 들판. 푸른 초록의 숲과 들, 눈 앞에 펼쳐진 시원한 바다. 곳곳에 우리를 둘러싼 귀여운 양들의 산책까지. 이 모든 걸 만날 수 있는 남해상상양떼목장이 설천면 구두산 일대에 펼쳐져 있다."
31,블랙이글 패러글라이딩,경상남도 남해군 서면 남서대로2197번길 64-20,34.8490398,127.8120456,관광지,,,"봄, 여름, 가을, 겨울, 자가용/렌트, 친구, 키즈, 연인, 우정女, 우정男, 효도, 나홀로",Y,,http://www.xn--bj0bv9k80b0ml55dyuq.com/,
32,서상 게스트하우스,경상남도 남해군 서면 남서대로1687번길 28-12,34.8089378,127.834237,관광지,,0507-1353-7878,"봄, 여름, 가을, 겨울, 자가용/렌트, 친구, 키즈, 연인, 우정女, 우정男, 나홀로",Y,,https://blog.naver.com/jun100799,
33,섬이정원,경상남도 남해군 남면 남면로 1534-110,34.7522488,127.8606298,관광지,,,"봄, 가을, 자가용/렌트, 친구, 키즈, 연인, 우정男, 나홀로",Y,,seomigarden.com/page/index.html,경남 민간정원 제1호로 등록된 섬이정원은 개인이 다랭이논을 일일이 가꿔가며 조성한 것이 시초. 계절별로 아름다운 꽃들을 구경할 수 있다.
34,남해 서핑스쿨,경상남도 남해군 미조면 송정리 1170,34.723875,128.0226787,관광지,,,"봄, 여름, 가을, 자가용/렌트, 친구, 연인, 우정女, 나홀로, 단체",Y,,https://namhaesurf.modoo.at/,
35,남해 보물섬 시네마,경상남도 남해군 남해읍 선소로 12,34.8451138,127.8995432,관광지,,055-862-7718,"봄, 여름, 가을, 겨울, 자가용/렌트, 버스, 친구, 연인, 우정女, 우정男, 나홀로",Y,,https://namhae.scinema.kr/cinema/main.docgid=FE8EF4D2-F22D-4802-A39A-D58F23A29C1E&BrandCd=scinema&CinemaCd=000025,
36,노량-왕지 벚꽃길,경상남도 남해군 설천면 1024지방도 도로변,34.9047051,127.9037274,관광지,,055-860-8601,"봄, 자가용/렌트, 친구, 연인, 우정女, 우정男, 효도",Y,,,
37,망운산 철쭉군락지,경상남도 남해군 서면 노구리 산98,34.8569462,127.8514638,관광지,,055-860-3676,"봄, 자가용/렌트, 버스, 우정男, 나홀로, 단체",Y,10,,"786m, 남해 최고 높이를 자랑하는 망운산. 5월에는 철쭉군락지의 꽃들이 만개해 가족단위나 친목회 등의 모임에서 많이 찾아오며, 정상까지는 1시간 30분정도 소요된다. 남해읍에서 관광안내판을 따라 남해대교 방향으로 3분 정도 가면 고현면 이어마을이 나타난다."
38,가천 다랑논 유채,경상남도 남해군 남면 남면로679번길 21,34.7275092,127.8940077,관광지,,055-860-8601,"봄, 자가용/렌트, 친구, 연인, 우정女, 우정男, 효도, 나홀로",Y,45,,
39,남해실내체육관,경상남도 남해군 남해읍 화전로43번길 16,34.8336957,127.8932705,관광지,,,"봄, 여름, 가을, 겨울, 자가용/렌트, 친구, 연인, 우정女, 우정男, 단체",Y,,,
40,아열대온실,경상남도 남해군 이동면 남해대로 2449,34.8172661,127.9231553,관광지,,,,Y,,,
41,남해드림카약투어,경상남도 남해군 미조면 미송로303번길 48-1,34.707512,128.0261567,관광지,,055-862-7827,"봄, 여름, 가을, 자가용/렌트, 친구, 연인, 우정女, 우정男, 나홀로, 단체",Y,,http://www.xn--q20bt3f84e5vo4hal77bpkg49g.com/,
42,이어어촌체험마을,경상남도 남해군 고현면 남해대로3100번길 65,34.8630457,127.9011291,관광지,,055-863-3697,"봄, 여름, 자가용/렌트, 키즈, 단체",Y,,http://www.xn--hz2b11ta51n0g410aura767c.kr/,
43,내산단풍길,경상남도 남해군 삼동면 군도 11호선 주변,34.830993,128.0010063,관광지,,055-860-3654,"가을, 자가용/렌트, 친구, 연인, 우정女, 우정男, 효도, 단체",Y,,,
44,두모 유채꽃 메밀꽃 단지,경상남도 남해군 상주면 양아리,34.730787,127.9661714,관광지,,055-860-8601,"봄, 버스, 친구, 키즈, 연인, 우정女, 우정男, 효도, 나홀로, 단체",Y,35,,
45,상덕권역,경상남도 남해군 남면 남서대로 1144,34.7828284,127.8613416,관광지,,055-863-7724,"봄, 여름, 가을, 겨울, 자가용/렌트, 친구, 연인, 우정女, 우정男, 나홀로, 단체",Y,50,http://www.sea-garden.kr/,"바다에서는 갯벌 체험을, 산에서는 산나물 따기와 등산 학교 체험을, 들에서는 영농체험과 블루베리체험을, 그리고 넓은 운동장에서는 캠핑놀이와 전통놀이를 할 수 있는 즐길 거리가 가득한 곳입니다. 깨끗하게 정비된 숙박시설은 100여명의 체험객들이 동시에 이용할 수 있는 편리한 시설을 두루 갖추고 있으며, 작은 마을 박물관을 개관하여 농촌의 풍경과 옛 조상들의 지혜를 찾아볼 수 있는 교육의 장으로 이용이 가능합니다."
46,진동권역,경상남도 남해군 창선면 흥선로 1462,34.8468806,128.0594867,관광지,,055-867-5999,"봄, 여름, 가을, 겨울, 자가용/렌트, 친구, 연인, 우정女, 우정男, 나홀로, 단체",Y,9,,"갯벌과 고사리밭에서 시기 및 계절별 체험이 가능하며, 남해 생태체험로인 바래길의 6코스(말발굽길)과 7코스(고사리밭길)이 있어 트레킹 코스로도 많은 이가 찾고 있습니다."
47,꽃내권역,경상남도 남해군 삼동면 동천리 1745, 34.8214704,128.0366406,관광지,,055-862-1333,"봄, 여름, 가을, 겨울, 자가용/렌트, 친구, 키즈, 우정女, 우정男, 단체",Y,24,http://www.gaengbeon.co.kr/,"여름에는 은어낚기체험․갯벌체험(우럭조개, 쏙, 바지락, 낙지 등)․선상낚시체험, 가을에는 표고버섯수확체험․마늘수확체험, 그리고 겨울에는 다래수확체험․시금치수확체험 등 사계절 농․수산업을 모두 체험할 수 있는 곳입니다. 독일마을, 원예예술촌, 해오름예술촌이 차량으로 5분 거리에 있어 보물섬 남해가 가진 매력을 한껏 맛볼 수 있는 곳이기도 합니다. 또 부대시설인 찜질방, 노래방, 풋살구장, 야외바비큐장, 야외물놀이장, 세미나실을 무료 또는 저렴하게 이용하실 수 있습니다. 꽃내권역에서 가족, 연인과의 아름다운 추억을 만들어 보세요!"
48,해안 자전거 3코스(창선교~단항회센터),경상남도 남해군 삼동면 동부대로1876번길 12,34.83102,128.0010173,관광지,,055-860-3243,"봄, 여름, 가을, 겨울, 자가용/렌트, 친구, 연인, 우정女, 우정男, 나홀로",N,,,"삼동면 창선교 아래에서 창선면 단항회센터에 이르는 구간으로 1024지방도로 연결되는 도로이다. 어촌체험마을인 신흥해바리마을을 지나며, 낙조와 지족해협 죽방렴을 감상하기에 좋은 구간이다. 라이딩 시 잠시 쉬었다 갈 수 있는 쉼터가 보천마을회관 앞에 조성돼 있으며, 공기주입기도 보천마을회관 앞과 단항회센터에 설치돼 있다."
49,해안 자전거 2코스(보건소~창선교),경상남도 남해군 남해읍 선소로 6,34.8447959,127.8986035,관광지,,055-860-3243,"봄, 여름, 가을, 겨울, 자가용/렌트, 친구, 연인, 우정女, 우정男, 나홀로, 단체",N,,,지난 2000년 준공된 해안 자전거 2코스는 남해군 남해읍에 자리 잡고 있다. 지난 2014년 문화체육관광부의 인가를 받아 설립된 보물섬 시네마의 개관으로 해안 자전거 2코스가 도시와의 문화격차를 해소하는복합 문화공간으로 탈바꿈해 군민의 문화향유 기회 확대와 삶의 질 향상에 큰 역할을 할 것으로 기대하고 있다.
50,해안 자전거 1코스(남해대교~남해읍 선소),경상남도 남해군 설천면,34.9248248,127.9140253,관광지,,055-860-3243,"봄, 여름, 가을, 겨울, 자가용/렌트, 연인, 우정女, 우정男, 나홀로, 단체",N,,,"남해군 설천면 노량리에 위치한 남해대교와 남해읍 선소마을에 이르는 구간으로 벚꽃길이 유명하며, 문항·이어 등 어촌체험마을을 통과하는 구간이다. 전체 구간이 군도와 해안도로로 이루어져 있어 차량의 통행량이 미미하고 보행자도 적어 라이딩에 적합한 구간이다. 라이딩 시 잠시 쉬었다 갈 수 있는 쉼터가 남해대교 아래와 문항어촌체험마을에 조성돼 있으며, 공기주입기도 남해대교 아래와 문항어촌체험마을, 진목해안에 설치돼 있다."
51,망운산노을길(제14코스),경상남도 남해군 고현면 갈화리,34.8947153,127.8490654,관광지,,,"봄, 여름, 가을, 겨울, 자가용/렌트, 친구, 키즈, 연인, 우정女, 우정男, 효도, 나홀로, 단체",N,,,
52,이순신호국길(제13코스),경상남도 남해군 설천면 노량리,34.9416232,127.8767315,관광지,,,"봄, 여름, 가을, 겨울, 자가용/렌트, 친구, 키즈, 연인, 우정女, 우정男, 효도, 나홀로, 단체",N,,,
53,동대만진지리길(제8코스),경상남도 남해군 창선면 동대리,34.8777169,128.0004928,관광지,,,"봄, 여름, 가을, 겨울, 자가용/렌트, 친구, 키즈, 연인, 우정女, 우정男, 효도, 나홀로, 단체",N,,,
54,고사리밭길(제7코스),경상남도 남해군 창선면 진동리,34.8452258,128.0510002,관광지,,,"봄, 여름, 가을, 겨울, 자가용/렌트, 친구, 키즈, 연인, 우정女, 우정男, 효도, 나홀로, 단체",N,,,
55,말밥굽길(제6코스),경상남도 남해군 삼동면 지족리,34.8220772,127.9987652,관광지,,,"봄, 여름, 가을, 겨울, 자가용/렌트, 친구, 키즈, 연인, 우정女, 우정男, 효도, 나홀로, 단체",N,,,
56,화전별곡길(제5코스),경상남도 남해군 미조면 송정리,34.750482,128.0428594,관광지,,,"봄, 여름, 가을, 겨울, 친구, 키즈, 연인, 우정女, 우정男, 효도, 나홀로, 단체",N,,,
57,섬노래길(제4코스),경상남도 남해군 미조면 송정리,34.750482,128.0428594,관광지,,,"봄, 자가용/렌트, 친구, 키즈, 연인, 우정女, 우정男, 효도, 나홀로, 단체",N,,,
58,구운몽길(제3코스),경상남도 남해군 상주면 양아리,34.730787,127.9661714,관광지,,,"봄, 여름, 가을, 친구, 키즈, 연인, 우정女, 우정男, 효도, 나홀로, 단체",N,,,
59,앵강다숲길(제2코스),경상남도 남해군 남면 홍현리,34.7381977,127.9007648,관광지,,,"봄, 자가용/렌트, 친구, 키즈, 연인, 우정女, 우정男, 효도, 나홀로, 단체",N,,,
60,다랭이지겟길(제1코스),경상남도 남해군 남면 평산리,34.7617601,127.8533386,관광지,,,"봄, 여름, 가을, 겨울, 자가용/렌트, 친구, 키즈, 연인, 우정女, 우정男, 효도, 나홀로, 단체",N,,,
61,장평소류지,경상남도 남해군 이동면 남해대로 2449,34.8172661,127.9231553,관광지,,,"봄, 자가용/렌트, 친구, 키즈, 연인, 우정女, 효도",Y,,,
62,설천 벚꽃길,경상남도 남해군 설천면 설천로 695,34.9248879,127.9139814,관광지,,055-860-8601,,Y,,,
63,남해편백자연휴양림,경상남도 남해군 삼동면 금암로 658,34.7547175,127.9964943,관광지,,055-867-2021,"봄, 여름, 가을, 겨울, 자가용/렌트, 친구, 키즈, 연인, 우정女, 우정男, 효도, 단체",Y,,https://www.foresttrip.go.kr/indvz/main.dohmpgId=0192,국립자연휴양림관리소에서 운영하고 있는 휴양림으로 한려해상 국립공원 북단에 위치하고 있다. 1960년대에 조림된 편백 및 삼나무들이 울창한 숲을 이루고 있으며 주변 경관이 수려하여 산림욕 휴식공간으로 힐링을 즐길 수 있는 최적의 장소이다.
64,아난티 남해,경상남도 남해군 남면 남서대로1179번길 40-109,34.7767416,127.8521868,관광지,,055-860-0100,"봄, 여름, 가을, 겨울, 자가용/렌트, 친구, 연인, 우정女, 우정男, 효도",Y,,https://ananti.kr/ko/namhae,
65,사우스케이프오너스클럽,경상남도 남해군 창선면 흥선로 1545,34.8406234,128.0613191,관광지,,1644-0280,"봄, 여름, 가을, 겨울, 자가용/렌트, 친구, 키즈, 연인, 우정男, 효도",Y,,http://www.southcape.co.kr,
66,보물섬 마늘나라,경상남도 남해군 이동면 남해대로 2443,34.8166447,127.9241724,관광지,,,"봄, 여름, 가을, 겨울, 자가용/렌트, 친구, 키즈, 연인, 우정女, 우정男, 효도, 나홀로, 단체",Y,,,
67,남해문화센터,경상남도 남해군 남해읍 선소로 12,34.8451138,127.8995432,관광지,,055-860-8621,"봄, 여름, 겨울, 자가용/렌트, 친구, 키즈, 연인, 우정女, 우정男, 단체",Y,,,
68,남해농수산물직판장,경상남도 남해군 설천면 노량로 191,34.9405746,127.8739852,관광지,,,,Y,,http://nhspecial.co.kr/,
69,보광특산품직판장,경상남도 남해군 이동면 남해대로 2208,34.8081285,127.9467503,관광지,,,,Y,,,
70,갯마을직판장,경상남도 남해군 이동면 석평로58번길 4-58,34.8061712,127.9442159,관광지,,055-864-5050,,Y,,,
71,축협직매장 남해,경상남도 남해군 남해읍 화전로78번가길 9,34.8386551,127.8947401,관광지,,055-863-4081,,Y,,,
72,남해바래길 작은미술관,경상남도 남해군 남면 남면로1739번길 46,34.767577,127.8478552,관광지,,055-862-5557,"봄, 여름, 가을, 겨울, 자가용/렌트, 버스, 친구, 키즈, 연인, 우정女, 우정男, 나홀로",Y,,,바래길 1코스 다랭이지겟길의 출발점에 위치해 트래킹을 시작하는 탐방객들이 잠시 머물렀다가는 쉼터로 활용되고 있다.
73,길현미술관캠핑장,경상남도 남해군 이동면 남서대로 198-1,34.7802606,127.9408681,관광지,,055-862-9708,,Y,,,
74,길현미술관,경상남도 남해군 이동면 남서대로 198-1,34.7802606,127.9408681,관광지,,055-862-9708,,Y,,,
75,남해군국민체육센터,경상남도 남해군 남해읍 화전로78번길 26,34.8375482,127.8969064,관광지,,055-860-3560,"봄, 여름, 가을, 겨울, 자가용/렌트, 친구, 키즈, 연인, 우정女, 우정男, 나홀로",Y,,,
76,남면공설시장,경상남도 남해군 남면 남서대로 785-4,34.7709989,127.8855945,관광지,,,"봄, 여름, 가을, 겨울, 자가용/렌트, 버스, 친구, 키즈, 연인, 우정女, 우정男, 나홀로",Y,,,
77,지족공설시장,경상남도 남해군 삼동면 동부대로1876번길 30-1,34.8306143,128.003007,관광지,,055-860-3191,"봄, 여름, 가을, 겨울, 자가용/렌트, 버스, 친구, 키즈, 연인, 우정女, 우정男, 나홀로",Y,5,,
78,이동공설시장,경상남도 남해군 이동면 무림로63번길 9,34.8008384,127.9538697,관광지,,055-860-3191,"봄, 여름, 가을, 겨울, 자가용/렌트, 버스, 친구, 키즈, 연인, 우정女, 우정男, 나홀로",Y,60,,
79,남해전통시장,경상남도 남해군 남해읍 화전로 110,34.840602,127.8943112,관광지,,055-864-3592,"봄, 여름, 가을, 겨울, 자가용/렌트, 버스, 친구, 키즈, 연인, 우정女, 우정男, 나홀로",Y,77,,
80,(주)자연이야기,경상남도 남해군 남해읍 망운로 1-2,34.8379872,127.8937679,관광지,,0507-1379-0555,,Y,,https://yesnamhae.modoo.at/,
81,남해대교유람선,경상남도 남해군 설천면 노량로183번길 4,34.9409259,127.8736891,관광지,,055-862-9842,"봄, 여름, 가을, 겨울, 자가용/렌트, 버스, 키즈, 연인, 우정女, 우정男, 효도, 나홀로, 단체",Y,,https://www.namhaecruise.co.kr/,
82,바람흔적미술관,경상남도 남해군 삼동면 금암로 519-4,34.7622625,128.0124427,관광지,,,"봄, 여름, 가을, 겨울, 자가용/렌트, 친구, 키즈, 연인, 우정女, 우정男, 나홀로",Y,20,,"평면미술관과 숲속체험미술관으로 운영되며 기부카페와 아트샵, 개인 및 단체미술체험을 이용할 수 있다."
83,남해카약체험센터,경상남도 남해군 남면 남면로1229번길 27,34.7418135,127.8563444,관광지,,055-862-1588,"봄, 여름, 가을, 겨울, 자가용/렌트, 버스, 친구, 키즈, 연인, 우정女, 우정男, 단체",Y,110,https://blog.naver.com/leeti2,
84,해오름예술촌,경상남도 남해군 삼동면 동부대로 995,34.788054,128.0492494,관광지,,055-867-0706,"봄, 여름, 가을, 겨울, 자가용/렌트, 친구, 키즈, 연인, 우정女, 나홀로",Y,,http://www.xn--q20b11o6nhj7d7d155bjyoa.com/,"옛 추억을 담은 전시장과 다양한 분야의 주제전이 열리는 갤러리, 작가들의 작업 공간, 전통문화체험공방, 가족 나들이 장소로 꾸며져 있다."
85,남해월포앵강만해양레저체험마을,경상남도 남해군 남면 석교리 149번지,34.7617474,127.9039045,관광지,,055-862-2622,"봄, 여름, 가을, 자가용/렌트, 버스, 친구, 키즈, 연인, 우정女, 우정男, 단체",Y,,https://blog.naver.com/nhleisure,
86,두모레저스포츠씨카약,경상남도 남해군 상주면 양아로533번길 18,34.7338486,127.9553266,관광지,,,"봄, 여름, 가을, 겨울, 자가용/렌트, 버스, 친구, 키즈, 연인, 우정女, 우정男, 효도, 단체",Y,,http://du-mo.co.kr/,
87,미조해양레저체험마을,경상남도 남해군 미조면 남해대로 146,34.7244404,128.0337943,관광지,,055-867-8130,"봄, 여름, 가을, 자가용/렌트, 버스, 친구, 키즈, 연인, 우정女, 우정男, 단체",Y,60,http://www.mijotown.anyfree.co.kr/,
88,포세이돈마린레저,경상남도 남해군 삼동면 동부대로942번길 3,34.7843218,128.0492581,관광지,,0507-1343-8066,"봄, 여름, 가을, 자가용/렌트, 버스, 친구, 키즈, 연인, 우정女, 우정男, 단체",Y,60,http://xn--q20b82d3wqo6f7xqgfc.com/,
89,남해군요트학교,경상남도 남해군 삼동면 동부대로1030번길 42-26,34.7937409,128.0527825,관광지,,055-867-2977,"봄, 여름, 가을, 겨울, 자가용/렌트, 친구, 연인, 우정女, 우정男, 단체",Y,,https://www.namhae.go.kr/tour/00007/00024/00205.web,요트학교는 천헤의 자연환경을 바탕으로 대한요트협회의 인증을 받은 전문 요트 교육기관이다.
90,앵강다숲권역,경상남도 남해군 이동면 성남로78번길 25,34.7809063,127.9537825,관광지,,055-863-0964,"봄, 여름, 가을, 겨울, 자가용/렌트, 친구, 키즈, 연인, 우정女, 우정男, 효도, 나홀로, 단체",Y,45,http://www.agds.co.kr/,"천혜의 자연조건을 갖춘 아름다운 앵강다숲권역은 신전들을 비롯한 청정한 자연환경과 드넓게 펼쳐진 앵강만 바다, 그리고 숲이 잘 어우러진 곳입니다. 단체가 즐길 수 있는 운동장과 족구장, 어린이놀어터, 풀장, 숲 산책로 등이 있어 복잡한 도시생활을 잠시 접어두고 맑은 공기를 마시며 지친 심신을 달랠 수 있는 곳이기도 합니다."
91,원예예술촌,경상남도 남해군 예술길 39,34.8037716,128.0361436,관광지,,055-867-4702,"봄, 여름, 가을, 겨울, 자가용/렌트, 친구, 키즈, 연인, 우정女, 우정男, 효도, 나홀로, 단체",Y,,http://housengarden.net/,독일마을 옆에 위치한 원예예술촌은 꽃과 나무를 소재로 한 테마 관광지로 아름답고 개성적인 21개소의 주택과 정원이 나라별 이미지와 테마를 살려 조성되어 있다.
92,남해유배문학관,경상남도 남해군 남해대로 2745,34.8323041,127.8999851,관광지,,055-860-8888,"봄, 여름, 가을, 겨울, 자가용/렌트, 버스, 친구, 키즈, 우정女, 우정男, 나홀로, 단체",Y,,,"국내 최초 및 최대 규모의 유배문학관으로, 유배와 유배문학에 관한 종합적인 정보 습득을 위한 공간이다. 주제별 전시관을 통해 유배 문학에 대한 체계적인 이해와 다양한 체험 전시, 학습 프로그램을 통해 관람객이 흥미를 느낄 수 있도록 구성되어 있다."
93,남해국제탈공연예술촌,경상남도 남해군 이동면 남해대로 2412,34.8176564,127.927582,관광지,,055-864-7625,"봄, 여름, 가을, 겨울, 자가용/렌트, 버스, 친구, 우정女, 우정男, 단체",Y,,,국내외에서 발간된 공연 관련 자료와 세계 각국의 탈이 전시되어 있고 주말에 수시로 공연과 영상상영이 이루어진다.
94,나비생태공원,경상남도 남해군 금암로 562-23,34.7579443,128.0125513,관광지,,055-860-3282,"봄, 여름, 가을, 겨울, 키즈, 단체",Y,,http://tour.namhae.go.kr/00002875/00003142/00003143.web,"나비, 곤충을 보다 친숙하고 쉽게 접할 수 있도록 나비를 테마로 여러가지 공간이 조성되어있는 생태공원이다."
95,남해양떼목장 양모리학교,경상남도 남해군 설천면 설천로775번길 256-17,34.932691,127.8977289,관광지,,055-862-8933,"봄, 여름, 가을, 겨울, 자가용/렌트, 친구, 키즈, 연인",Y,,https://blog.naver.com/lakdhf68,"행복한 양치기가 되어보고 싶다면, 소박한 양모리 학교가 좋겠다. 보물섬 남해에 최초로 생긴 설천 구두산 자락의 양모리학교는 총 3만 3000㎡부지에 2013년 4월, 문을 열었다. 설천면 설천로 775번길 256-17 위치에 자리한 양모리 학교는 ‘동물복지’에 관심이 많은 마태용 씨가 운영하는 소박한 규모의 체험목장이다. 마태용 씨는 우연히 본 양몰이개를 훈련하다 절로 양까지 좋아하게 됐다. 그는 영국에서 양몰이를 배워온 양치기로 목장 고유의 모습, 동물이 편히 지낼 수 있는 목장을 만들어가는 게 소망이라며 이러한 철학을 바탕으로 목장을 꾸려나가고 있다."
96,이순신 순국공원,경상남도 남해군 고현면 차면리 107,34.9126107,127.8574483,관광지,,055-860-3786,"봄, 여름, 가을, 겨울, 자가용/렌트, 친구, 키즈, 우정女, 우정男, 단체",Y,,,이순신순국공원은 충무공 이순신 장군이 노량해전에서 왜구의 총탄에 맞아 순국하신 후 유해가 처음 육지에 내려진 곳으로 이순시 장군이 순국하신 성지이자 역사의 현장이다.
97,미국마을,경상남도 남해군 이동면 미국마을길,34.7806685,127.9281169,관광지,,1588-3415,"마을여행, 봄, 여름, 가을, 겨울, 자가용/렌트, 친구, 키즈, 연인, 우정女, 우정男, 효도, 단체",Y,,,미국형 전통 건축양식인 고급 민박형 팬션과 전원주거가 결합된 주택을 건립하여 특색 있는 관광인프라를 구축하고 있다.
98,독일마을·파독전시관,경상남도 남해군 삼동면 독일로 89-7,34.7999125,128.0383167,관광지,,055-867-8897,"마을여행, 봄, 여름, 가을, 겨울, 친구, 키즈, 연인, 우정女, 우정男, 효도, 단체",Y,,http://xn--q20b22d63gstp7hax35e.com/,"""""한국관광공사 선정 한국인이 꼭 가봐야 할 관광지 100선 선정"""" 60~70년대 경제발전에 헌신한 독일 교포들의 정착촌으로 마을의 모든 주택이 독일식으로 지어져 이국적 풍경을 자아내고 있으며 남해파독전시관에서는 파독 광부, 간호사의 삶의 흔적을 느낄 수 있다."
99,스포츠파크,경상남도 남해군 서면 스포츠파크길 74,34.8054935,127.8337739,관광지,,055-860-8661,"봄, 여름, 가을, 겨울, 자가용/렌트, 친구, 키즈, 연인, 우정女, 우정男, 효도, 나홀로, 단체",Y,,,2002년 월드컵이 유치되면서 남해의 축구열기가 고조되었다. 많은 이들의 수요을 충족하기 위해 조성된 남해의 잔디 구장은 계절에 관계없이 사용할 수 있어 전국각지의 전지훈련객들에게 사랑받고 있다. 산책로가 조성되어 있어 산책하기도 안성맞춤이다.
100,상주은모래비치유람선,경상남도 남해군 상주면 남해대로675번길 75-1,34.7175483,127.9919431,관광지,,,,Y,,,
101,미조항유람선,경상남도 남해군 미조면 미조로 230-8,34.7108589,128.0482975,관광지,,055-867-6613,,Y,,,
102,들꽃효소마을,경상남도 남해군 삼이로 63-19,34.8265846,127.9956823,관광지,,055-867-8826,,Y,,http://xn--js0bt0imtegujgnhm1y.com/,
103,지족갯마을,경상남도 남해군 삼동면 죽방로 103,34.8328137,127.9916258,관광지,,,"봄, 여름, 가을, 자가용/렌트, 키즈, 단체",Y,,http://jijok.invil.org/index.html,"남해군 삼동면 중심부의 면소재지 인근에 위치한 지족갯마을은 지족해협을 사이에 두고 창선면과 접하고 있으며, 창선교가 이어주고 있다. 지족해협에는 태고 적부터 내려오던 남해 지족해협 죽방렴이 있는데, 2010년 8월 명승71호로 지정(문화재청)되었다."
104,법흥사,경상남도 남해군 남해읍 망운로10번길 45-1,34.8421872,127.89268,관광지,전통사찰 제104호,055-864-3243,"봄, 여름, 가을, 겨울, 자가용/렌트, 친구, 키즈, 연인, 우정女, 우정男, 효도, 나홀로",Y,,,
105,항도어촌체험마을,경남 남해군 미조면 동부대로310번길 32-8,34.7413931,128.0475398,관광지,,055-867-4348,"봄, 여름, 가을, 자가용/렌트, 친구, 키즈, 연인, 우정女, 우정男, 나홀로, 단체",Y,,http://www.xn--hq1b37iutl0qb27lcpae38buya.kr/,
106,문항어촌체험마을,경남 남해군 설천면 강진로 159-9,34.9093609,127.9220409,관광지,,055-863-4787,"봄, 여름, 가을, 자가용/렌트, 키즈, 단체",Y,,http://www.xn--hz2b9zc4u0rb27lcpaf38btya.kr/,
107,적량해비치마을,경상남도 남해군 창선면 흥선로 1196-1,34.8603939,128.0594089,관광지,,055-867-4422,"봄, 여름, 가을, 자가용/렌트, 키즈, 단체",Y,,https://blog.naver.com/anjy1221,"적량해비치마을은 임진왜란과 관련된 국사봉, 적량성터, 굴항 등의 역사문화자원과 마을 입구 다랑논에서 사시사철 꽃 잔치가 펼쳐지는 풍광으로 행복 가득한 마을이다. 아름다운 푸른 바다를 배경으로 하얀 요트 위에서 해양스포츠를 즐길 수 있으며, 해풍을 머금고 자란 연둣빛 고사리체험, 옛 방식의 고기잡이 통발체험, 전어잡기 등의 체험거리도 가득해 많은 사람들이 적량해비치마을을 찾고 있다."
108,은점어촌체험마을,경상남도 남해군 삼동면 동부대로942번길 34-9,34.7863488,128.0523953,관광지,,055-867-7119,"봄, 여름, 가을, 자가용/렌트, 키즈, 단체",Y,,http://www.xn--hz2b11t67asa13hy1qura767c.kr/,"은점어촌체험마을의 대표적인 체험프로그램은 문어잡이통발체험이며 선상낚시, 좌대낚시, 맨손고기잡이, 후릿그물, 어린이제트스키체험도 함께 즐길 수 있다."
109,유포어촌체험마을,경상남도 남해군 서면 남서대로2381번길 60,34.8619622,127.8148051,관광지,,,"봄, 여름, 가을, 자가용/렌트, 키즈, 단체",Y,,http://www.xn--hz2b11tg5age71zcpa489atwd.kr/,
110,보물섬남해삼베마을,경상남도 남해군 고현면 남서대로 3029,34.8978875,127.8411925,관광지,,055-864-8187,"봄, 여름, 가을, 겨울, 자가용/렌트, 친구, 키즈, 연인, 우정女, 우정男, 나홀로",Y,,http://nhjahwal.co.kr/business/sub02.htmlnum=2,
111,두모드므개체험마을,경상남도 남해군 상주면 양아로533번길 18,34.7338486,127.9553266,관광지,,,"봄, 여름, 가을, 자가용/렌트, 키즈, 단체",Y,,https://cafe.naver.com/dumocamping#,"두모마을은 한가운데를 흐르는 하천에서 1급수의 물이 흐르고 은어와 참게, 민물장어들이 서식하고 있는 아주 깨끗한 마을이다. 지난 2005년 녹색농촌체험마을로 선정되어 다양한 체험거리와 볼거리를 제공하고 있으며, 특히 고려 후기 태조 이성계가 왕위에 오르기 전 백일기도를 드렸던 금산이 마을 뒤로 위치해 그 정기가 흐르고, 마을 앞 노도에는 서포 김만중의 역사가 살아 있다."
112,덕월아이펀마을,경상남도 남해군 남면 남서대로 1176-19,34.7824922,127.8589946,관광지,,055-862-8248,"봄, 여름, 가을, 자가용/렌트, 키즈, 단체",Y,,http://www.ifunnamhae.co.kr/,
113,왕지등대마을,경상남도 남해군 설천면 설천로864번길 53,34.9392226,127.9037199,관광지,,055-860-3935,"봄, 여름, 가을, 겨울, 자가용/렌트, 친구, 우정男, 나홀로, 단체",Y,70,http://wangji.co.kr/,
114,창선대교타운,52449경상남도 남해군 창선면 동부대로2964번길 48,34.9177746,128.0313999,관광지,,055-867-5238,"봄, 여름, 가을, 겨울, 자가용/렌트, 친구, 키즈, 연인, 우정女, 우정男, 나홀로, 단체",Y,,,
115,지족어촌체험마을,경상남도 남해군 삼동면 죽방로 24,34.8325706,127.999432,관광지,,055-867-8249,"봄, 여름, 가을, 자가용/렌트, 키즈, 단체",Y,90,http://jijok.invil.org/index.html,
116,신흥해바리마을,경상남도 남해군 창선면 서부로 257,34.8438007,127.9757039,관광지,,,"봄, 여름, 가을, 자가용/렌트, 키즈, 단체",Y,,http://haebari.go2vil.org/,"해바리마을은 해발 468m의 대방산 자락에 흘러나오는 용의 모양을 한 뒷산 마루와 거북형상을 한 앞산, 그리고 천혜의 청정지역인 강진만 바다로 둘러쌓여 자연경관이 잘 조화를 이루고 있는 마을이다. 특히 남해군을 대표하는 특산물인 유자를 처음으로 생산하여 확대․보급시킨 곳이다. 대표적인 체험으로는 한밤중 횃불을 들고 낙지를 잡는 ‘홰바리체험’이 있으며 지역의 갯벌과 바다, 그리고 유자농장 등 기존의 지역 자원을 활용하여 체험 프로그램을 계절별로 다양하게 운영하고 있다."
117,송정한솔체험마을,경남 남해군 미송로486번길 30,34.7256325,128.025136,관광지,,055-867-1346,"봄, 여름, 가을, 자가용/렌트, 친구, 키즈, 우정女, 우정男, 단체",Y,,https://blog.naver.com/xogns847,
118,가천다랭이마을,경상남도 남해군 남면 남면로679번길 21,34.7275092,127.8940077,관광지,,055-863-3893,"마을여행, 봄, 여름, 가을, 자가용/렌트, 키즈, 단체",Y,,https://darangyi.modoo.at/,"""CNN이 선정한 한국에서 꼭 가봐야 할 곳 3위"" 드라이브 코스로 각광받는 남면 해안 관광도로 최남단의 가천 다랭이마을은 푸른 바다를 접한 산비탈을 일군 좁고 긴 게단 형태의 다랑이논(명승 제15호)이 있는 마을로 섬 특유의 정취를 느끼게 하며 또 다른 자랑거리인 암수바위가 있다."
119,창선-삼천포대교,경상남도 남해군 창선면 동부대로2964번길 49-10,34.9173872,128.0305132,관광지,,055-860-3311,"봄, 여름, 가을, 겨울, 자가용/렌트, 친구, 연인, 우정女, 우정男, 나홀로",Y,,,
120,호구산과 용문사,경상남도 남해군 이동면 용문사길 166-11,34.7879404,127.9230404,관광지,,055-860-3676,"봄, 여름, 가을, 겨울, 자가용/렌트, 친구, 우정女, 우정男, 효도",Y,,http://yongmunsanam.templestay.com/,"용문사는 미륵이 탄생하여 맨처음 몸을 씻었다는 용소마을 위쪽의 호구산 계곡에 호젓하게 자리잡고 있다. 신라시대 원효대사가 금산에 보광사를 짓고, 뒤에 호구산에 첨성각을 세우고 금산에 있던 보광사를 옮겼다고 한다."
121,남해 물건리 방조어부림과 물미해안,남해군 삼동면 동부대로1030번길 59,34.7958875,128.0504234,관광지,천연기념물 제150호,055-860-8631,"봄, 여름, 가을, 겨울, 자가용/렌트, 버스, 친구, 키즈, 연인, 우정女, 우정男, 효도, 나홀로, 단체",Y,,,2천여 그루의 방풍림으로 조성된 울창한 수림이 초승달 모양을 그리며 장관을 이루고 있는 곳으로 숲과 어우러진 몽돌해안은 남해 바다의 정취가 물씬 풍기는 독특함을 자랑한다. 
122,망운산과 화방사,경상남도 남해군 고현면 화방사길 128-6,34.8645862,127.8629452,관광지,,055-860-3676,"봄, 여름, 가을, 자가용/렌트, 친구, 우정男, 단체",Y,,,
123,서포 김만중 선생 유허와 노도,경상남도 남해군 상주면 노도길 73-34,34.7260264,127.9408194,관광지,,055-860-8621,"봄, 여름, 가을, 겨울, 자가용/렌트, 친구, 키즈, 연인, 우정女, 우정男, 효도",Y,,,"노도에서 바라보는 금산의 절경과 앵강만의 풍광 못지않게 구운몽과 사씨남정기의 작가 서포 김만중 선생이 56세의 일기로 유형의 삶을 마감했던 곳으로 유명하다. 서포문학관, 작가창작실, 야외전시장 등을 조성하고 있다. (벽련마을에서 노도로 운행하는 도선 이용)"
124,남해 가천 암수바위와 남면해안,경상남도 남해군 남면 남면로679번길 21,34.7275092,127.8940077,관광지,,055-860-8631,"봄, 여름, 가을, 겨울, 자가용/렌트, 친구, 우정女, 우정男, 나홀로",Y,80,https://darangyi.modoo.at/,
125,남해 관음포 이충무공 유적,경상남도 남해군 고현면 남해대로 3829,34.9119328,127.8559065,관광지,,055-860-8631,"봄, 여름, 가을, 겨울, 자가용/렌트, 버스, 친구, 키즈, 연인, 우정女, 우정男, 효도, 단체",Y,,,
126,창선교와 남해지족해협 죽방렴,경상남도 남해군 삼동면 죽방로 65,34.8312904,127.9957367,관광지,,055-860-3311,"봄, 여름, 가을, 겨울, 자가용/렌트, 친구, 연인, 우정男, 나홀로",Y,,,
127,남해대교와 남해 충렬사,경상남도 남해군 설천면 노량로183번길 27,34.9419198,127.875899,관광지,,055-860-3311,"봄, 여름, 가을, 겨울, 자가용/렌트, 친구, 키즈, 연인, 우정女, 우정男, 나홀로",Y,,,
128,남해 금산과 보리암,경상남도 남해군 상주면 보리암로 665,34.7523634,127.9829942,관광지,,055-860-5800,"봄, 여름, 가을, 겨울, 자가용/렌트, 친구, 연인, 우정女, 우정男, 효도, 단체",Y,,,금산(해발 705m)은 한려해상 국립공원 내의 유일한 산악공원으로 38경이 있으며 온갖 전설을 담은 기암괴석이 금강산을 빼어 닮았다 하여 소금강 혹은 남해 금강이라 불린다. 고려 말 태조 이성계가 이곳 금산에서 백일기도를 한 뒤 조선을 건국하게 되어 보은한다는 뜻으로 산 이름을 비단 금(錦)이라 바꿔 부르게 하였다.
129,용문사,경상남도 남해군 용문사길 166-11,34.7879404,127.9230404,관광지,,055-862-4425,"봄, 여름, 가을, 겨울, 자가용/렌트, 친구, 키즈, 연인, 우정女, 우정男, 효도, 나홀로",Y,,http://www.yongmunsa.net/,
130,운대암,경상남도 남해군 창선로153번길 240,34.8672594,127.9908895,관광지,,055-867-3725,"봄, 여름, 가을, 겨울, 자가용/렌트, 친구, 키즈, 연인, 우정女, 우정男, 효도, 나홀로",Y,,,
131,망운사,경상남도 남해군 남서대로2240번길 708,34.8515632,127.8580349,관광지,,055-860-8631,"봄, 여름, 가을, 겨울, 자가용/렌트, 친구, 키즈, 연인, 우정女, 우정男, 효도, 나홀로",Y,,,
132,화방사,경상남도 남해군 화방사길 128-6,34.8645862,127.8629452,관광지,,055-863-5011,"봄, 여름, 가을, 겨울, 자가용/렌트, 친구, 키즈, 연인, 우정女, 우정男, 효도, 나홀로",Y,,,
133,보리암,경상남도 남해군 보리암로 665,34.7523634,127.9829942,관광지,,055-862-6500,"봄, 여름, 가을, 겨울, 자가용/렌트, 버스, 친구, 연인, 우정女, 우정男, 나홀로",Y,,http://www.boriam.or.kr/,
134,노도,경상남도 남해군 상주면 노도길 1-1,34.731182,127.9388174,관광지,,055-860-8621,"봄, 여름, 가을, 겨울, 자가용/렌트, 친구, 연인, 우정女, 우정男, 효도, 나홀로",Y,,,"배를 젓는 노를 많이 생산했다고 하여 ‘노도’라 불린다고 하는 전설 또는 섬의 생김새가 삿갓을 닮았다 하여 ‘삿갓섬’이라고도 불리는 노도. 실제로 가보면 붉은 동백꽃 군락이 가장 인상적인 이곳 노도는 멀리서 보면 금산, 호구산, 설흘산 아래 포근히 안겨 있는 형상이다. 조선 후기 정치가로서 소설가로서 한 시대를 풍미한 대문호 서포 김만중의 발자취가 서포유허비에 남아 있다."
135,세존도,경상남도 남해군 상주면,34.7238042,127.985424,관광지,,055-863-3573,"봄, 여름, 가을, 겨울, 자가용/렌트, 친구, 연인, 우정女, 우정男, 효도, 나홀로",Y,,,
136,창선교,경상남도 남해군 삼동면,34.830993,128.0010063,관광지,,055-860-3311,"봄, 여름, 가을, 겨울, 자가용/렌트, 친구, 우정女, 우정男, 나홀로",Y,,,
137,창선-삼천포대교,경상남도 남해군 창선면 동부대로2964번길 49-10,34.9173872,128.0305132,관광지,,055-860-3311,"봄, 여름, 가을, 겨울, 자가용/렌트, 친구, 우정女, 우정男, 나홀로",Y,,,
138,남해대교와 남해각,경상남도 남해군 설천면 남해대로 4216,34.9407443,127.8724304,관광지,,055-860-3311,"관광명소, 봄, 자가용/렌트, 친구",Y,,,
139,호구산,경상남도 남해군 이동면 용문사길 166-11,34.7879404,127.9230404,관광지,,055-860-3676,"봄, 여름, 가을, 자가용/렌트, 친구, 우정男, 나홀로",Y,,,"산에 미친 사람들이 남해의 산을 등반한다면 분명 금산부터 탐낼 것이다. 그 다음으로 남해 최고봉인 망운산에 눈을 돌린 후, 돌아가는 시간에 쫓겨 황급히 섬을 떠난다. 이 때문에 남해의 잘록한 허리춤에 자리한 호구산(622m)은 그냥 스쳐 지나치기 쉬운 곳이다. 하지만 남해를 아는 사람들은 누구나 한번쯤 호구산의 거친 산세에 시선을 빼앗기게 된다. 지형도에는 산이름이 표기되어 있지 않지만, 송등산, 괴음산 등 산군을 엮어 호구산으로 대표되는 ""호구산군립공원""으로 지정되어 있다. 남해군의 군립공원으로 지정된 것은 그만큼 자연경관이 뛰어나고 보존가치가 있는 곳이라는 말이다. 호구산이란 이름은 산이 호랑이 형상을 닮아서 붙여졌다는 설과 옛날 지리산에서 건너온 호랑이가 이 산에 살아서 호구산이라 했다는 설이 전해진다."
140,설흘산,경상남도 남해군 남면 홍현리,34.7381977,127.9007648,관광지,,055-860-3676,"관광명소, 봄, 여름, 가을, 겨울, 자가용/렌트, 친구, 연인, 우정男, 나홀로, 단체",Y,,,설흘산은 남면해안도로와 더불어 일출경관이 가장 뛰어난 곳 중 하나이다. 설흘산에서 시작된 남면 해안의 종주맥은 응봉산과 구름봉을 거쳐 선구마을의 몰랑등에 까지 이어져 남해안의 조망이 일품이다.
141,망운산,경상남도 남해군 서면 남서대로2240번길 412-18,34.8458603,127.8461366,관광지,,055-860-3676,"봄, 여름, 가을, 겨울, 자가용/렌트, 친구, 연인, 우정男, 나홀로, 단체",Y,,,"786m, 남해 최고 높이를 자랑하는 망운산. 그러나 남해안 제1의 명산인 금산에 가려져 진가가 꼭꼭 숨겨진 곳이다. 망운산을 오르는 사람은 이곳이 알려지길 두려워한다. 깨끗한 풍모, 드넓은 기상, 아는 자만 오르리라. 금산이 남해를 찾는 손님들의 산이라면, 망운산은 남해인들이 가장 아끼는 늠름한 기상이다."
142,금산,경상남도 남해군 상주면 남해대로 918-13,34.7396524,127.984078,관광지,,055-860-5800,"봄, 여름, 가을, 겨울, 자가용/렌트, 친구, 연인, 우정女, 우정男, 나홀로, 단체",Y,,,"금산의 원래 이름은 보광산이었다. 원효스님이 신라 문무왕 3년(663년)에 이 산에 보광사를 창건하면서 그렇게 이름을 붙였다. 금산이란 이름은 조선 건국 이전에 이성계가 조선의 개국을 앞두고 보광산에서 1백일간 기도를 올렸는데, 조선이 자신의 뜻대로 개국되자 그 보답으로 산을 온통 비단으로 덮겠다고 한 것에서 유래한다."
143,사촌해수욕장,경상남도 남해군 남면 남면로1229번길 44,34.7435264,127.8563633,관광지,,055-860-3371,"봄, 여름, 가을, 겨울, 자가용/렌트, 친구, 키즈, 연인, 우정女, 우정男, 효도, 나홀로",Y,300,,"모래가 많다는 뜻에서 ""사촌""이라 불리는 사촌모래마을에 자리한 작은 해수욕장. 파스텔 톤의 해질녘 풍경을 바라보며 여유를 즐기기 좋은 한적한 곳이다."
144,두곡·월포 해수욕장,경상남도 남해군 남면 남면로111번길 77,34.767302,127.9057443,관광지,,055-860-3371,"봄, 여름, 가을, 겨울, 자가용/렌트, 친구, 키즈, 연인, 우정女, 우정男, 효도",Y,,,"두곡마을과 월포마을, 두 마을이 바다를 사이좋게 반반나눠 가진 해수욕장. 방품림으로 조성한 숲과 몽글몽글한 몽돌과 새하얀 모래가 함께 어우러진 아름다운 해변이다."
145,송정솔바람해변,경상남도 남해군 미송로483번길 4-69,34.722207,128.0238466,관광지,,055-867-3371,"봄, 여름, 가을, 겨울, 자가용/렌트, 친구, 키즈, 연인, 우정女, 우정男, 효도",Y,,,특색 있는 남국의 정취를 지닌 환경적으로 완벽한 해수욕장이다. 부드러운 백사장과 송림을 배경으로 자리 잡고 있으며 자연경관이 수려하다.
146,상주은모래비치,경상남도 남해군 상주면 상주로 17,34.7215868,127.9883505,관광지,,055-860-3371,"봄, 여름, 가을, 겨울, 자가용/렌트, 친구, 키즈, 연인, 우정女, 우정男, 효도",Y,,https://sangjubeach.com/,"남해에서 가장 빼어난 풍경을 가진 해수욕장으로(백사장 길이 1.5km, 폭 120m) 부채꼴 모양의 해안 백사장, 눈앞에 펼쳐진 작은 섬들은 바다를 호수 모양으로 감싸고 있으며 파도가 잔잔하고 수온이 따뜻하여 가족단위의 피서지로 일품이다."
147,남해대교와 노량대교,경상남도 하동군 금남면 노량리,34.9517025,127.8776251,관광지,,1588-3415,,Y,,,"남해대교는 길이 660m, 높이 80m의 현수교로 1973년 개통된 지 40여년이 지난 지금도 우리나라에서 가장 아름다운 다리로 일걸어지고 있다. 노량대교는 남해대교를 대체할 교량으로 2018년 9월 13일에 개통되었다. 길이는 남해대교보다 1.5배 긴 990m에 이르며 높이는 148.5m로 세계 최초로 경사 주탑과 3차원 케이블 방식의 첨단기술이 적용되었다."
148,남해 지족해협 죽방렴,경상남도 남해군 삼동면 죽방로 65,34.8312904,127.9957367,관광지,명승 제71호,055-867-2662,,Y,,,원시성이 그대로 살아 있는 죽방렴은 길이 10m 정도의 참나무로 된 말목을 갯벌에 박아 그 사이에 대나무를 주렴처럼 엮어 만든 어업 도구이다. 물의 조류가 흘러오는 방향을 햐해 V자형으로 벌려 고기를 잡는 죽방렴은 남해 지족해협에 23개소가 남아 있다.
149,스페이스 미조,경상남도 남해군 미조면 미조로 254,34.7092009,128.0462987,관광지,,055-860-8615,,Y,,,"옛 ""미조북항 냉동창고""가 재생사업을 통해 지역대표 문화예술공간으로 다시 태어났다. 설치미술에서부터 전시장, 공연장, 예술창작 공간, 예술인 레지던시 등 지역 예술가들에게 다양한 창작자를 잇는 구심점 역할을 수행할 예정이다."
150,남해충렬사,경상남도 남해군 설천면 노량리 350,34.9419291,127.8761617,관광지,사적 제233호,055-862-2840,,Y,,,이순신 장군이 잠시 초빈되었던 곳에 가묘를 조성했으며 우암 송시열이 짓고 송준길이 쓴 이충무공묘비가 세워져 있다.
151,창선삼천포대교,경상남도 사천시 대방동 681-9,34.9324615,128.0521049,관광지,,055-867-5238,,Y,,,한국 최초로 섬과 섬을 연결하는 교량으로 남해 창선도와 삼천포 사이 3개의 섬을 연결하는 5개의 교량이 총연장 3.4km에 이르게 조성되어 있다.
152,창선단항왕후박나무,경상남도 남해군 창선면 대벽리 670-4,34.9161463,128.0125206,관광지,천연기념물제299호,055-860-8631,,N,,,추정 수령 500년의 왕후박 나무로 멀리서 보면 마치 작은 동산으로 착각을 불러일으킬 정도로 위풍당당한 자태를 뽐낸다.
153,남해어부체험,경상남도 남해군 이동면 남해대로 1553번길 29-10,34.7637397,127.9485376,관광지,,,,Y,,,"빛과소금펜션, 3시간 소요, 준비물 포함"
154,어부체험(선명 아르고호),경상남도 남해군 이동면 남해대로 1539-4 원천항,34.7641364,127.9486466,관광지,,,,Y,,,"3시간 소요, 선상낚시+통발어부체험"
155,남해 보물섬 전망대,경상남도 남해군 삼동면 동부대로 720,34.769833,128.0533244,관광지,,0507-1377-0047,,Y,,,
156,남해내산플레이랜드,경상남도 남해군 삼동면 금암로 373,34.7735036,128.0167708,관광지,,055-867-4377,,Y,,,
157,이순신영상관,경상남도 남해군 고현면 남해대로 3829,34.9119328,127.8559065,관광지,,055-860-3786,,Y,,,
158,남해천단조각공원,경상남도 남해군 설천면 설천로 17번길 32-67,34.9248248,127.9140253,관광지,,055-863-4474,,Y,,,
159,남해대교유람선해상랜드,경상남도 남해군 설천면 노량로 177,34.9412947,127.8728894,관광지,,055-862-9842,,Y,,,
160,남해 세심사 금동여래입상,경상남도 남해군 창선면 흥선로 767-28,34.8848294,128.0474254,유형문화재,유형문화재 제600호,055-860-8631,"봄, 여름, 가을, 겨울, 자가용/렌트, 친구, 키즈, 연인, 우정女, 우정男, 나홀로",Y,,,"남해 세심사 금동여래입상은 알맞은 신체비례와 도드라진 U자형의 옷주름, 귀꽃과 다양한 문양으로 장식된 대좌, 오른손을 내리고 왼손을 올린 좌우가 바뀐 수인 등이 특징이다. 세심사 금동여래입상의 제작시기는 장식화 경향이 뚜렷해지는 9세기 작품으로 판단되며 광배가 없어졌고 얼굴은 많이 마모되었지만 통일신라의 시대적 특징을 잘 나타내고 있는 불상이다."
161,남해 해관암 아미타삼존도 및 복장유물 일괄,경상남도 남해군 삼동면 양화금로 214-24,34.8195956,128.0530613,문화재자료,문화재자료 제577호,055-860-8631,"봄, 여름, 가을, 겨울, 자가용/렌트, 친구, 키즈, 연인, 우정女, 우정男, 효도, 나홀로",Y,,,"규모가 작지만 작품성이 뛰어난 19세기의 작품. 남해 해관암‘아미타삼존내영도’는 해관암 대웅전 전당 후불탱으로 모셨던 불화로, 오랜 세월 습기 피해로 퇴색된 상태이다. 유리를 정착하지 않은 상태로 수장고에 보관하고 있으며 견본 채책 불화로서 학술적 예술적 가치가 있다. 조성 과정과 작자는 미상이나 성보로서‘아미타삼존내영도’는 해관암 창건 때부터 법당에 모셔져 있던 탱화로 고려시대에서 조선 초기로 전해지는 양식을 띠고 있어 역사성이 돋보인다. 이 작품은 불화와 복장물의 양식에 미루어 19세기에 제작된 것으로 본존인 아미타불이 정면관에 녹색의 연화좌를 밟고 서서 구품인을 결하고 있다. 좌·우 협시보살들은 본존 쪽으로 3/4 측면관에, 관세음보살은 정병을, 지장보살은 석장을 쥐고 왼손에 보주를 든 채 역시 답할좌 모습으로 묘사되고 있다. 필력이 있는 가는 필선을 사용하여 신체 부위를 중첩되게 표현하고 있는 등 규모가 작지만 작품성이 상당히 뛰어나다. 견본 채색화로서 패널형 액자로 제작되어 있다. 복장유물은 10건 24점이다."
162,남해 화방사 향완,경상남도 남해군 고현면 화방사길 126-6,34.866452,127.8626468,문화재자료,문화재자료 제509호,055-860-8631,"봄, 여름, 가을, 겨울, 자가용/렌트, 친구, 연인, 우정男, 효도, 나홀로",Y,,,"18세기 전반의 작품으로 추정되는 공양용 도구. 그릇 모양의 몸체에 나팔모양의 높은 받침대가 있는 완형향로를 향완이라고 한다. 병향로가 승려들의 행렬에 주로 쓰인 반면, 향완은 주로 공양용으로 쓰였다. 이 작품은 조선 후기의 작품으로 추정되며 불전에 분향 도구로 사용되어 온 일종의 불구이다. 뚜껑이 없는 형식으로 고려 후기부터 유행되었던 대형 향로에 속한다. 절대 연대는 기명이 없으나 18세기 전반기의 작품 기법이 엿보이는 보호 대상 성보이다."
163,남해 화방사 삼재부 목판,경상남도 남해군 고현면 화방사길 126-6,34.866452,127.8626468,문화재자료,문화재자료 제510호,055-860-8631,"봄, 여름, 가을, 겨울, 자가용/렌트, 친구, 우정女, 우정男, 나홀로",Y,,,"삼재(三災)가 드는 새해에 심재 소멸을 기도하는 비보용 목판으로 귀한 자료이다. 이 삼응목판(三鷹木板)은 육십갑자 중 십이간지를 네 묶음(甲子辰,寅午戌, 巳酉丑, 亥卯未)으로 분류하여, 한 묶음의 띠에 해당하는 나이가 삼재(三災)에 해당하는 새해가 되면 이 삼재 소멸을 위해 기도하며, 그 비보용으로 이 삼응판을 인출 탁삼재(啄三災)라는 제호를 낙관하여 액자를 만들어 출입문 위에 걸었던 것이다. 흔하지 않은 자료라 보존 가치가 높다."
164,남해 화방사 원패,경상남도 남해군 고현면 화방사길 126-6,34.866452,127.8626468,문화재자료,문화재자료 제508호,055-860-8631,"봄, 여름, 가을, 겨울, 자가용/렌트, 친구, 연인, 우정女, 우정男, 나홀로",Y,,,"원패1에는 주색 바탕에 황색으로 삼계사부군진(三界四府群眞), 원패2에는 검정 바탕에 흰 글씨로 조선독립만세(朝鮮獨立萬歲)라 쓰여있다. 원패1은 패두와 패신에 봉황과 구름이 조각되어 있고, 연화좌대와 분리되어진다. 패두의 봉황은 향좌를 바라보고 패신의 봉황은 아래를 향하고 있다. 좌대는 주색으로 채색되어 있고, 봉황은 녹색, 백색, 적색 황토 등으로 채색되어 있으나 많이 바랜 상태이다. 원패2와 달리 패의 앞뒷면이 분리되어지지 않는다. 원패2는 패두와 패신에 용과 구름이 조각되어 있다. 연화좌대와 패신은 연결되어 있어 분리되지 않고 패의 전면과 배면은 분리될 수 있게 되어 있다. 패두의 용은 향좌의 용은 위로 향우의 용은 아래로 향하고 있다. 패두와 패신이 따로 조각되어 연결된 형태로 패의 전면과 배면은 못으로 연결되어 있다. 조각 후 백색, 녹색, 주색 황색 등으로 채색되었다. 원패1과 원패2의 조각기법을 비교해 볼 때 원패1이 선적인 표현이 더 많고 먼저 제작된 것으로 보인다."
165,남해 화방사 부도,경상남도 남해군 고현면 화방사길 126-6,34.866452,127.8626468,문화재자료,문화재자료 제507호,055-860-8631,"봄, 여름, 가을, 자가용/렌트, 친구, 연인, 우정女, 우정男, 효도, 나홀로",Y,,,"화방사 경내로 들어오는 일주문을 지나 약 20~30m 올라오면 왼쪽 산사면에 위치해 있다. 석조형 부도로 이끼가 전체적으로 덮혀 있으며, 앞쪽 기단면은 완전히 드러나 도괴의 위험도 있어 보인다. 부도의 특징을 보면, 기단·탑신·상륜부 3부로 구분되었으며, 탑신과 상륜은 일석이다. 기단은 치석하여 2단으로 만들고 탑신이 놓이는 기단 상면은 복엽 연판으로 돌려 장식했다. 연봉형 상륜 아래로는 크고 대담한 7개의 연판으로 장식된 것처럼 보이는데, 문양을 자세히 보면 연잎을 서로 대칭으로 말아 연판 같은 효과를 내고 있는 것이 특징이다."
166,남해 화방사 시루,경상남도 남해군 고현면 화방사길 126-6,34.866452,127.8626468,문화재자료,문화재자료 제500호,055-860-8631,"봄, 여름, 가을, 겨울, 자가용/렌트, 친구, 연인, 우정女, 우정男, 효도",Y,,,떡이나 밥을 찌는 데 사용하는 황동 시루. 고찰에 유존하는 시루의 사례는 많지 않다. 화방사 시루는 조선 후기 사찰에서 제작되었던 시루의 전형을 간직하고 있는 유물로 조성 당시의 사세(寺勢)를 파악 할 수 있는 자료이다. 약간 비스듬히 외반된 구연부 배면에‘花芳寺 西庵 ------’점각이 남아 있는 것으로 저부가 투각형으로 주조된 것은 도기로 제작된 것과는 차원이 월등히 높은 것이다. 투각된 시루는 열기의 소통 전달이 그만큼 빠르기 때문에 떡이나 밥을 익혀 내는 시간 단축은 물론 정확도가 높기 때문이다. 점각 기록의 예를 보면 동제 향로나 반자 같은 데에도 18세기 초를 전후한 시기에 볼 수 있는 기법이다. 따라서 조선 후기 동제 집기연구에 자료적 가치가 있음을 증명해 준 유물이다.
167,남해 화방사 바라,경상남도 남해군 고현면 화방사길 128-6,34.8645862,127.8629452,문화재자료,문화재자료 제499호,055-860-8631,"봄, 여름, 가을, 겨울, 자가용/렌트, 친구, 우정女, 우정男, 효도, 나홀로",Y,,,"두 개를 맞부딪혀 소리를 내는 승무용 악기. 불교의식 법구의 하나로 17세기에 제작되었으나 2쌍 모두 놋쇠를 두들켜 만든 전통적인 방짜유기의 제작기법을 잘 보여 주고 있다. 양손에 들고 맞 부딪혀서 소리를 내게 하는 승무용 악기이다. 주로 야단법석 전에서 수륙재나 영산재 같은 특별한 행사시에 사용하는 불구로서 양질의 재료를 사용하였음을 느끼게 한다. 1694년(康熙 33년)에 제작된 역사성이 뚜렷한 작품으로 손잡이를 이용하여 양손에 들고 사용하는 것인데 현재는 손잡이가 훼손 결실상태이며, 동체만은 1쌍 모두 조금도 훼손없이 양호한 상태로 보관 관리되고 있다."
168,남해 화방사 독성탱,경상남도 남해군 고현면 화방사길 126-6,34.866452,127.8626468,문화재자료,문화재자료 제498호,055-860-8631,"봄, 여름, 가을, 겨울, 자가용/렌트, 친구, 연인, 우정女, 우정男, 나홀로",Y,,,"여타의 고승 진영 작품과 비교해 19세기 초반의 작품으로 추정된다. 배경의 산수 처리기법이 원형 화문으로 시문된 점은 독특하며 민화적인 요소가 엿보이는 작품으로 향후 고승 진영이나 민화, 독성탱 연구적 자료 가치가 있다. 이 독성탱은 일명 나반존자라고도 칭하며 미래에 사바세계에 출현할 미륵존불을 기다리며 천태산상에서 독수선정에 들어 있는 독성을 묘사한 불화이다. 화기에 연화질의 명기를 생략한 상태를 보아 지장시왕탱 조성과 동시에 조성된 것으로 추정되며, 이는 1855년(咸豊5년)의 작품으로 보인다. 약간의 훼손은 되었으나 비교적 양호한 상태로 수장고에 보관·관리되고 있다."
169,남해 화방사 신중탱,경상남도 남해군 고현면 화방사길 126-6,34.866452,127.8626468,문화재자료,문화재자료 제497호,055-860-8631,"봄, 여름, 가을, 겨울, 자가용/렌트, 친구, 연인, 우정女, 우정男, 효도, 나홀로",Y,,,"화면 상단에는 제석천을 화면 하단에는 동잔보살을 중심으로 화면좌우에 용왕 및 협시 권속들을 배치하고 있다. 전체적으로 어두운 적색, 녹색, 남색이 주조색을 이룬다. 의습선은 정두철선묘를 사용하고 부분적으로 금색 세선으로 이중선을 그은 것이 특징적이다. 이 신중탱은 아미타 후불탱과 같이 1860년(咸豊10년. 庚申) 고성 와룡산 운흥사에서 관음존상 개금불사와 동시에 쌍운, 금담 금어에 의하여 조성되어 아미타 후불탱과 같이 화방사로 이봉된 이래 지금까지 보존되어온 것으로써 조선 후기 신중도 연구에 자료적 가치가 있다. 아미타 후불탱과 같이 약간의 퇴색 상태이나 유리액자로 보호하여 수장고에 보호하고 있다."
170,남해 화방사 아미타삼존탱,경상남도 남해군 고현면 화방사길 126-6,34.866452,127.8626468,문화재자료,문화재자료 제496호,055-860-8631,"봄, 여름, 가을, 겨울, 자가용/렌트, 친구, 연인, 우정女, 우정男, 나홀로",Y,,,이 탱화는 인법당이나 승방에 원불로 모시기 위하여 조성된 것으로 두광과 신광을 갖춘 아미타불을 주존으로 상단 좌우에는 가섭과 아난존자를 배치하고 아래쪽 좌우에는 관음과 지장보살을 묘사하고 있다. 비교적 단조로우면서 함축성이 돋보이는 아미타 삼존탱이다. 1860년 (咸豊10년. 庚申)에 정수 금어에 의하여 조성된 화기가 비교적 상세하게 남아 있다. 조선 후기 아미타 삼존탱 연구에 자료적 가치가 있다. 약간 퇴색 상태이나 박락은 심하지 않으며 화방사 수장고에 보관·보존되고 있다.
171,남해 화방사 아미타후불탱,경상남도 남해군 고현면 화방사길 126-6,34.866452,127.8626468,문화재자료,문화재자료 제495호,055-860-8631,"봄, 여름, 가을, 겨울, 자가용/렌트, 친구, 연인, 우정女, 우정男, 나홀로",Y,,,"원 바탕은 오랜 세월 동안 습기의 피해로 퇴색 상태이나 약간의 보수(유리액자)를 거쳐 수장고에 보관하고 있다. 아미타 후불탱은 1860년(咸豊10년. 庚申)에 고성 와룡산 운흥사에서 관음존상 개금불사 시에 쌍운·영담 금어에 의하여 조성되고 화방사로 이봉된 내용이 화기에 남아 있다. 19세기 중반에 조성된 아미타 회상도로서 시대적 특징은 역력하며, 앞으로의 보다 안전한 보존관리를 위하여 수장고에 보관하고 있다. 의습선이나 구름 등의 표현에 있어서 돋을기법을 사용한 것이 특징적 이며 아미타 회상도 연구에 자료적 가치가 있다 ."
172,남해 용문사 건양2년 신중탱,경상남도 남해군 이동면 용문사길 166-11,34.7879404,127.9230404,문화재자료,문화재자료 제353호,055-860-8631,"봄, 여름, 가을, 겨울, 자가용/렌트, 친구, 연인, 우정女, 우정男, 나홀로",Y,,,"화면 하단 중앙에 위태천을 중심으로 12신장상을 배치하고, 상단에는 범천과 제석천을 좌우측에 배치하고, 그 주위에 천녀·천동과 제권속들이 둘러싼 모습이다. 색채는 주로 백색·적색외에 녹색과 청색을 사용하였다. 위태천·범천·제석천의 육신부는 백색에 붉은색이 약간 감도는 분홍색을 바르고, 부분적으로 담묵을 사용하여 음영을 표현하였으며, 윤곽은 먹선으로 처리하였다. 위태천은 갑옷을 입고 날개 달린 투구를 썼으며, 갑옷 위에 표범무늬의 털가죽을 걸치고 있다. 가죽 표현은 담갈색을 바른 뒤 담묵으로 범피문을 표현하고 얇은 백색선과 흑색선으로 가장자리를 둘렀다. 범천·제석천상은 천부상의 착의를 하고, 어깨에 각각 녹색과 청색의 천의를 걸치고 있다. 그리고 착의 표현에 있어 몰골법으로 문양이나 주름, 매듭을 표현하여 입체감을 주었다. 또한 하단부의 구슬장식 문양이나 갑옷에는 안료를 실제 구슬장식처럼 두텁게 발라 입체감있게 표현하였다. 본 작품은 현재 상태가 다소 양호하지 못한 편이나, 1897년(건양 2)에 조성된 작품으로, 19세기 신중탱화로서 규모(세로194.5cm, 가로 213.5cm)가 비교적 큰 편이고, 작품제작에 많은 사람이 관여하였으며, 조형성이 뛰어나다."
173,남해 양아리석각,경상남도 남해군 상주면 보리암로 693,34.7521641,127.9766483,기념물,기념물 제6호,055-860-8631,"봄, 여름, 가을, 겨울, 자가용/렌트, 친구, 나홀로",Y,,,"진시황의 방사 서복이 불로초를 찾아온 흔적. 일명‘서불과차(徐市過此)’라고 불리는데 지금까지 해독을 하지 못하여 내용은 알 수 없다. 전해오는 이야기로는 중국 진시황때 삼심산 불로초를 구하기 위해 방사 서불이 동남동녀 3천 명을 이끌고 동쪽으로 오던 중 이곳 금산을 찾아와서 사냥을 즐기다 떠나면서 자신들의 발자취를 후세에 남기기 위해 새긴 것이 라고도 한다. 후대인들은 해독하지 못한 서불 관련 남해 암각화(岩刻畵. 또는 문)를 여러 형태로 분석하고 있다.『남해도』의 저자 이청기는 거란족 문자설, 인도의 데세판데 박사는 수렵선각설, 최남선은 고대문자설, 정인보는 선사시대 각석설, 한국정신문화연구원에서는 선사 석각화설, 오세창은 중국의 금석학자 하추도가 해석한 서불기례일출설을 주장하고 있다. 그리고 화상문자, 그림문자, 새모양선화, 추상선각, 한웅출렵삼신치제문, 귀인사냥터, 서불제명 등으로 해석하기도 한다. 하지만 아직까지 어떤 내용인지 정확하게 밝혀지지 않고 있다."
174,남해 용문사 목조지장시왕상,경상남도 남해군 이동면 용문사길 166-11,34.7879404,127.9230404,유형문화재,유형문화재 제426호,055-860-8631,"봄, 여름, 가을, 겨울, 자가용/렌트, 친구, 연인, 우정女, 우정男, 나홀로",Y,,,"지장보살과 사후세계를 주관하는 10명의 대왕상. 두부가 민머리인 지장보살상은 상반신을 곧게 세워 결가부좌한 모습으로, 전체적으로 양감 있고 건장한 모습이다. 신체적 특징은 무릎이 높고 상저전후경(像底前後徑)이 넓으므로 불신의 안정감을 더해준다. 상호는 사각형에 가까우며 살집이 있고 턱 부위를 모나지 않게 표현하여 부드러운 느낌을 준다. 좌협시 도명존자는 오른손에 석장을 쥐고, 우협시 무독귀왕은 합장을 한 채 각각 시립하고 있다. 신체에 비해 머리가 큰 편이며 어깨가 넓어 당당해보이고 온화한 인상이다. 시왕상들은 모두 등받이와 팔걸이, 족좌가 있는 의자에 앉아 정면을 향한 자세이며, 표현기법은 거의 동일하다. 두부에는 무독귀왕상과 같은 원류관 형태의 관을 쓰고 있으며, 손에는 홀을 쥔경우, 책과 붓을 들고 있거나 손을 무릎 위에 걸친 다양한 모습이다. 얼굴은 입꼬리가 올라간 상태에서 백색 치아를 드러내어 익살스럽게 웃는 모습은 매우 해학적이다."
175,국사봉 사당,경상남도 남해군 창선면 적량리 산4-1,34.8741137,128.0391825,군보호문화재,군보호문화재 제5호,055-860-8631,"봄, 여름, 가을, 겨울, 자가용/렌트, 친구, 우정女, 우정男, 나홀로",Y,,,"적량첨사가 국가의 번창을 비는 예를 올린 장소. 적량마을 뒤 북쪽 212m의 국사봉 상봉에 목조로 된 한 칸 와가 건물이 2평 정도로 자리 잡고 있다. 이 사당은 적량 첨사가 건립하여 음력 12월 말일에 국가의 번창과 국왕의 평안을 비는 예를 올렸던 곳이며, 북방 예배 시 사용하는 기물을 보관하였던 곳으로 조선 중종 30년(1535)에 건립된 창고였으나 속칭 사당이라고도 한다. 첨사가 없어지면서 적량마을 동민들이 제사례를 국사봉 사당에서 지냈다. 이곳은 동리의 평안을 빌고 수호해 주는 수호신을 모시는 곳으로 변모하였다. 섣달 그믐날 12시(자시)에 마을에서는 전례에 따라 선출된 제관들이 오랜 세월동안 마을을 지켜 주었다는 믿음으로 정성을 다하여 동제를 모시고 있는 곳이다."
176,영모문,경상남도 남해군 남해읍 화전로43번길 2,34.8351121,127.8945478,군보호문화재,군보호문화재 제4호,055-860-8631,"봄, 여름, 가을, 겨울, 자가용/렌트, 친구, 우정女, 우정男, 나홀로",Y,,,"효자 김백렬의 효행을 기리는 정려문. 영모문은 효자 김백렬의 효행을 남기기 위한 정려문이다. 효자 김백렬(金栢烈, 1873~1917)의 호는 운천(雲川)이다. 통정대부인 휘(諱) 원주(元柱), 호 수암(壽巖)의 셋째 아들로 태어나 어려서부터 총명하여 글 읽기를 좋아하였다. 평소에 성훈을 받들어 스스로 실천함에 있어 한 치의 소홀함도 없었고, 지극한 정성으로 부모를 섬김에 만고의 효자로 칭송이 자자하였다. 경상도 관찰사 황철이 그 소문을 듣고 그 실정을 알고자 1909년에 이곳을 방문하여 비단에 ‘금난선배효자 김백렬씨’라고 자필로 표창하였고, 마을 유림에서는 특별 장의로 천거하여 후세에 본을 보게 표창하였으며, 십여 차례 효행 표창 등으로 세상에 널리 알려졌다. 이 정려(旌閭)는 그의 효행을 오래도록 기리기 위하여 1925년 9월에 공사를 시작하여 그 이듬해 10월에 준공하였다. 그 이후로 영모문이 있는 거리를 효자문 삼거리로 부르고 있으며, 그의 효행이 많은 사람들 가슴에 전해지고 있다."
177,봉천사 묘정비,경상남도 남해군 남해읍 남해대로 2745 남해유배문학관 내,34.8323041,127.8999851,군보호문화재,군보호문화재 제3호,055-860-8631,"봄, 여름, 가을, 겨울, 자가용/렌트, 친구, 우정女, 우정男, 나홀로",Y,,,"남해로 두 번 유배 온 소재 이이명을 기리는 비. 소재 이이명은 기사환국으로 영해로 유배되었다가 장인인 서포 김만중이 남해 유배지에서 세상을 떠나자 숙종 18년(1692)에 남해로 이배되었다. 1721년(경종 원년)에 경종이 병약하여 왕세자인 영조의 대리청정을 추진하다가 소론의 반대로 실패하게 되자 남해로 안치되었다. 유배된 이이명은 29년 전에 유배 왔던 집을 수리하여 향사들에게 효제충신(孝悌忠信)의 학문을 가르쳤다. 남해에서 유배생활을 하는 이이명이 역모를 꾸며 남해에서 왕으로 추대 되었다는 목호룡(睦虎龍)의 모함으로 체포되어 한양으로 압송되던 중 1722년 한강진에서 사사되었다. 이 사실을 안 남해향사들은 어버이를 잃은 듯 슬퍼하였다. 1800년(정조 24)에 남해의 향사들이 진주 사람들과 힘을 모아 이이명이 남해에서 머물던 습감재(習坎齋)의 옛터에서 2~3리 떨어진 곳에 사당을 지었고, 한양 노량진 사충당에 봉안하였던 영정을 가져와 모시고 봉천사라 하였다. 봉천사 묘정비는 김조순이 비문을 지었고 글은 김난순이 썼다. 묘정비는 사당이 만들어진 후 28년이 지난 1828년(순조 28)에 세워진 것이다. 이이명이 죽고 100여 년이 지난 후에 세워진 이 비는 봉천사 묘정에 있었던 것으로 보인다. 사당은 언제 없어졌는지 알 수 없고, 남해읍 북변리 430번지 야산에 있던 것을 남해유배 문학관으로 옮겼다. 총 높이 286㎝, 비신 높이 220㎝, 너비 83.4㎝, 두께 32.5㎝이다."
178,자암 김구 유허추모비,경상남도 남해군 설천면 노량로 183번길 27,34.9419198,127.875899,군보호문화재,군보호문화재 제2호,055-860-8631,"봄, 여름, 가을, 겨울, 자가용/렌트, 친구, 키즈, 연인, 우정女, 우정男, 나홀로",Y,,,"남해에 12년간 유배생활 중「화전별곡」을 지은 조선전기 4대 서예가 자암 김구를 추모하는 비. 자암 김구(金絿, 1488~1534)는 조선 중종 때 문신이며, 조선초기 4대 서예가의 한 사람으로, 대흥현감 계문의 아들이다. 김구의 자 대유(大柔), 호는 자암(自菴)이다. 자암은 1513년(중종 8)에 별시문과 을과에 급제하여 홍문관 부제학에 올랐으나, 기묘사화로 인하여 1519년(중종 14)에 개령으로 유배되었다가 수개월 후 죄목이 추가되어 남해로 이배되어 12년이란 긴 세월 동안 노량 적소에서 적거 생활을 하였다. 이때 남해찬가라 할 수 있는「화전별곡」을 경기체가로 지었고, 삼남 일대의 유림과 남해지역의 향사들과 가까운 교우관계를 가졌을 뿐만 아니라 특히, 가깝게 지낸 남해 향사의 인명도 『자암집』에 나온다. 자암 김구는 중종 28년(1533)에 사면되어 복관(復官)되었으나 이듬해인 1534년에 47세의 일기로 타계(他界) 했으며, 이조참판에 추증되었다. 자암 유허비는 숙종 30년(1704)에 김구의 6대 후손 김만화가 남해 현령으로 부임하여 조상의 흔적을 찾아 옛터에 유허비를 세우고, 서원 자리에 죽림서원을 세워 조상의 얼을 받들기 위해 위패를 봉안하고 배향하였으나, 죽림서원은 고종 원년(1864)에 대원군의 서당, 향사철폐령에 의거 훼철되었다. 비의 총 높이 276cm, 비신 높이 190cm, 너비 90cm, 두께 34cm이다."
179,남해 무민사,경상남도 남해군 미조면 남해대로 14-11,34.7171628,128.0416303,군보호문화재,군보호문화재 제1호,055-860-8631,"봄, 여름, 가을, 겨울, 자가용/렌트, 친구, 키즈, 연인, 우정女, 우정男, 나홀로",Y,,,"1595년 미조항 첨사 성윤문의 꿈에 한 노장이 나타나 장군의 진영(眞影)이 해안에 있으니 잘 모시라고 했다. 첨사는 잠을 깬 후 봉장군(수문장)을 보내 찾아보게 하였다. 봉장군은 나무궤를 발견하고 뜯어보니 최영 장군의 진영, 명패, 장도가 들어있었다. 첨사는 발견된 장소의 산 정상에 한 칸 초당으로 건립하고 최영 장군의 영정을 봉안했다. 그 후 어느 날 강풍으로 봉안소가 부서지고 영정이 지금의 자리에 날아와 이곳에 사당을 지어 장군당이라고 불렀다고 한다. 그 후 연대를 알 수 없는 화재로 인해 없어진 것을 재창건하기 위해 1954년 보존회를 결성하여 사우 중건을 결의했다. 1955년 음력 8월 22일 상량식을 하였고, 1960년 음력 9월 9일 무민공 최영 장군을 봉안하고, 첨사 성윤문을 배향한 후 무민사(武愍祠) 현판을 걸었다. 이홍주를 초대 회장으로 현충회를 창립하고 음력 3월 중정일을 제향일로 정했다. 1969년 병조참의 최헐을 배향했다. 2008년부터 제향일을 4월 13일로 변경했다. 사당은 팔작지붕 목조와가로 정면 3칸, 측면 2칸이며, 부속물로 내삼문, 외삼문, 관리사가 있으며 7기의 선정비가 있다."
180,남해 보리암 목조관음보살좌상 불감,경상남도 남해군 보리암로 665,34.7523634,127.9829942,유형문화재,유형문화재 제575호,055-860-8631,"봄, 여름, 가을, 겨울, 자가용/렌트, 친구, 키즈, 연인, 우정女, 우정男, 나홀로",Y,,,"조선 전기적 특징을 계승한 17세기의 작품. 남해 보리암 목조관음보살좌상 불감은 독립적인 관음보살상과 선재동자 용왕이 협시한 불감 형식의 작품이다. 현재 불감의 윗부분은 없어졌고 남아 있는 형태도 완전하지는 않지만 이와 같은 형식은 서울 동국대학교 박물관 소장의 불감(1637-1644년)을 시작으로 17세기부터 19세기까지 유행하였다. 보리암 관음보살상은 통통한 뺨, 보발이 없는 점, 대칭적인 연판양측 면에 늘어진 옷자락 등에서 조선 전기적 특징을 계승한 조선 후기 17세기의 작품으로 판단된다. 따라서 용왕과 선재동자가 협시한 관음보살 삼존의 도상적 특징을 지닌 점과 사례가 적은 목조불감 형식, 17세기로 추정되는 제작시기 등 자료적 가치가 높은 중요한 불상으로 학술적 가치가 있다."
181,남해 화방사 청동반자,경상남도 남해군 화방사길 128-6,34.8645862,127.8629452,유형문화재,유형문화재 제505호,055-860-8631,"봄, 여름, 가을, 겨울, 자가용/렌트, 친구, 우정女, 우정男, 나홀로",Y,,,"대중을 불러모으거나 급한 일을 알리는 불구(佛具). 원형의 청동반자는 금구(金口) 혹은 금고(金鼓)로 불리는데 대중을 불러 모은다든지 급한 일을 알리는 데 사용되는 불구의 일종이다. 화방사 반자는 뒷면이 비어 있는 일반적인 형식을 따랐다. 당목(撞木)으로 치는 부위는 마모되었는데 내부의 보수흔적으로 보아 2회 이상 이루어진 것으로 추정된다. 반자의 특징을 보면, 앞면은 2조의 융기 돌대가 동심원을 그려내구와 외구로 구분하였다. 내구는 문양이 없고, 외구만 직경7.8cm 크기의 범자원권문이 4군데로 나누어 시문되었는데, 전체적인 특징이 남해 용문사 반자와 닮았다. 다만 용문사 반자는 당당함이나 세련됨이 결여되어 화방사 반자보다 이후에 조성된 것으로 보인다. 반자 측면도 앞면과 마찬가지로 4조의 융기돌대가 돌아가는데, 전면 3개의 돌대는 서로의 간격을 좁게, 마지막 돌대는 넓게 돌렸으며, 넓은 면에는 거(虡)에 걸기 위한 3개의 고리를 따로 주조해 붙였다."
182,남해 화방사 석조석가삼존십육나한상,경상남도 남해군 화방사길 128-6,34.8645862,127.8629452,유형문화재,유형문화재 제497호,055-860-8631,"봄, 여름, 가을, 겨울, 자가용/렌트, 친구, 우정女, 우정男, 나홀로",Y,,,"석조 삼존상을 비롯해 나한상과 천부상·사자상·동자상 등 22구 의상들이 갖추어져 있다. 조성자나 조성시기를 알 수 없으나 양식의 특징으로 보아 17세기 후반-18세기 전반의 작품으로 보여진다. 화방사 경내 응진전에 석가여래삼존상을 중앙에 좌우로 십륙나한과 권속상을 배치하여 양호한 상태로 봉안되어 있으며 석가여래를 주존으로 좌협시 미륵보살, 우협시 제화갈라보살상의 삼존으로 구성하고 좌우 양측에 십육나한과 그 권속상이 즐비하고 입구 향좌측에는 인왕상을 배치하여 응진전 전체를 수호하고 있다. 조선 후기에 와서 전통사찰에는 이와 같은 내용의 응진전 또는 나한전이 세워져 현존하고 있다. 여기에 봉안된 석가 삼존 외에 모든 석상은 조선 후기 불교조각사 연구에 자료적 가치가 높다."
183,남해 화방사 지장시왕탱,경상남도 남해군 화방사길 128-6,34.8645862,127.8629452,유형문화재,유형문화재 제496호,055-860-8631,"봄, 여름, 가을, 겨울, 자가용/렌트, 친구, 우정女, 우정男, 나홀로",Y,,,18세기 불화의 전통을 계승하고 있는 탱화로 19세기 중·후반 전라도와 경상도에서 활발한 활동과 함께 많은 작품을 남기고 있는 작품세계를 살펴볼 수 있는 작품이다. 천년고찰 화방사는 남해의 주봉인 망운산 산록 산명 수려한 곡에 위치하며 역대 많은 고승의 수도처로 특히 6·25전란 당시에는 저명한 여러 고승의 피난 수도처로 알려져 있는 곳이기도 하다. 1981년 뜻밖의 화재로 대웅전이 전소되면서 삼존불과 후불탱 괘불탱 등 많은 성보가 소실되는 안타까움을 겪은 이후 각 전당이나 요사 내에 남아 있는 성보자료 등을 지금의 임시 수장고에 보관하고 있는 것이 그 나마도 다행스런 일이다. 보관 성보 중 주존지장탱과 10위의 시왕탱 중 7위 만 양호한 상태로 보존되어 있다.
184,남해 화방사 동종,경상남도 남해군 화방사길 128-6,34.8645862,127.8629452,유형문화재,유형문화재 제495호,055-860-8631,"봄, 여름, 가을, 겨울, 자가용/렌트, 친구, 우정女, 우정男, 나홀로",Y,,,연곽 사이에 보살상을 표현하여 조화를 이룬 종. 이 범종은 건륭32년명 동종과 형태가 거의 비슷하지만 주조명이 없다. 그러나 구조적인 양식은 우수하며 중후하다. 조성기법으로 보아 그 연대가 앞설 가능성도 배제할 수 없다. 다만 당좌 위치에 약간의 균열이 있는 상태이다. 쌍룡뉴와 천판은 비슷하며 원권 내에 범문(梵文)을 여덟 자를 배치하고 있다. 동체에는 연곽(蓮廓)을 사방에 배치하고 연곽과 연곽 사이에는 역시 사방에 보살상을 표현하여 조화를 이루게 하였다. 또한 하대에는 연화 당초문으로 매감된 조선 후기 범종 연구에 자료적 가치가 있다.
185,남해 화방사 건륭삼십이년 동종,경상남도 남해군 화방사길 128-6,34.8645862,127.8629452,유형문화재,유형문화재 제494호,055-860-8631,"봄, 여름, 가을, 겨울, 자가용/렌트, 친구, 우정女, 우정男, 나홀로",Y,,,18세기 동종으로 조선 종의 중후함이 느껴진다. 전체적으로 17세기 동종의 형태를 계승하고 있지만 종형이나 사인비구 이후 등장하는 뽀족한 화형의 유곽대 문양의 형태를 계승하고 있는 점 등은 18세기 동종의 양식 변화를 보여주는 작품이다. 이 범종은 1981년 대웅전 화재 당시까지는 설선당에 걸어서 사용되었으나 화재를 겪은 후 도난과 훼손의 우려가 있는 자료들은 보호를 위해 주지실 부근에 임시 수장고를 만들어 보관 중이다. 쌍룡뉴(鈕)의 윗 모습은 조선 종의 중후함을 느끼게 하며 또한 합금의 재질이 돋보이는 양호한 상태이다.
186,남해 지족해협 죽방렴,경상남도 남해군 삼동면 창선면 지족해협 일원,34.830993,128.0010063,명승,명승 제71호,055-860-8631,"봄, 여름, 가을, 겨울, 자가용/렌트, 친구, 키즈, 연인, 우정女, 우정男, 효도, 나홀로, 단체",Y,,,"대나무 그물에 담긴 지혜 ‘죽방렴’은 명승 제71호이자 국가중요어업유산 제3호이다. 무형문화재 138-1호인 이 죽방렴을 제대로 알리고자 지족 다리 아래로 가면 남해 지족 죽방렴 관광단지를 둬 죽방렴의 유래와 조업과정, 죽방멸치의 우수함 등을 살필 수 있는 홍보관을 볼 수 있고, 이 홍보관에서 700m 걸어 내려가면 실제 죽방렴을 체험하고, 관람할 수 있도록 ‘죽방렴 관람대’를 둬 그 옛날처럼 배를 타고 나가지 않고도 바다 위를 걸어가 ‘죽방렴’을 볼 수 있다. 일종의 소형정치망이기도 한 ‘죽방렴’은 남해군 삼동면과 창선면 일원에 총23개소가 설치되어 있어 많은 관람객들에게 생생한 볼거리가 되고 있다."
187,대방광불화엄경 진본 권53,경상남도 남해군 상주면 보리암로 693,34.7521641,127.9766483,보물,보물 제1736호,055-860-8631,"봄, 여름, 가을, 겨울, 자가용/렌트, 친구, 우정女, 우정男, 나홀로",Y,,,"화엄경만을 별도로 간행한 판본의 사찰본으로 고려시대 불교 및 서지학 연구의 중요한 자료. 『대방광불화엄경(大方廣佛華嚴經)』은 화엄종의 근본경전이다. 우리나라에서는 불교 전문 강원의 교과로 학습해 온 경전 중의하나로 이를 줄여서『화엄경(華嚴經)』이라 부른다. 이 경전이 중국으로 전래되어 번역된 한역본(漢譯本)은 현재 진본(晉本, 60卷本)ㆍ주본(周本, 80卷本)ㆍ정원본(貞元本, 40卷本)의 삼본(三本)이 전하고 있다. 인도 가유라위국의 불타발타라(佛馱跋陀羅, 359∼429)가 화엄경 전체 34품을 60권으로 번역한 진본(晉本) 가운데 권53의 1권 1축으로 수록된 것으로 내용은‘입법계품제삼십사지십(入法界品第三十四之十)’이다. 형태적 특징을 살펴보면, 변란은 권자나 첩장에 일반적으로 나타나는 상하단변(上下單邊)으로 되어 있으며, 상하간(上下間)의 판의 높이는 24.2cm이다. 한 장의 길이는 대략 49.0cm이며, 행수는 24행으로 매 행은 17자로 되어 있다. 권축(卷軸)의 크기는 세로 29.7㎝ 가로 1081.7㎝이며, 지질(紙質)은 저지(楮紙)이고 장정(裝訂)은 권축장(卷軸裝)이다. 권두(卷頭)에는 축이 없으나 권말(卷末)에는 축이 있으며, 축의 재료는 향목(香木)인 듯하고 부분적으로 주칠(朱漆)이 되어 있다. 전체가 22장으로 연결되어 있는데 점련 부분에는‘진 오십삼(晉 五十三)’으로 역본 및 권차가 표시되어 있으며, 아래에는 장차가 기재되어 있고, 제3·5·11·14장의 장차 아래에는 각수(刻手)의 이름이 있다. 표지는 일부 결실되었으며 제2장의 1∼2, 7∼8, 11∼14행에는 부분적으로 훼손되어 1~4자가 손상되었고 부분적으로 약간의 먹색이 번짐 등이 있을 뿐 크게 훼손된 부분 없이 상태는 양호하다. 권두제 아래에‘주(宙)자 함차(函次)가 적혀있는데 이는 재조대장경에서는『대반야바라밀다경(大般若波羅蜜多經)』에 해당하는 함차로서『대방광불화엄경(大方廣佛華嚴經)』진본 권53의‘도(道)’자와 차이가 있어 화엄경만을 별도로 간행한 판본의 사찰본으로 판단된다. 같은 판본이 보이지 않는 고려판이라는 점에서 고려시대 불교 및 서지학 연구의 중요한 자료이다."
188,남해 덕신리 하천재,경상남도 남해군 창남로72번길 70-19,34.9240886,127.8757945,등록문화재,등록문화재 제234호,055-860-8631,"봄, 여름, 가을, 겨울, 자가용/렌트, 친구, 우정女, 우정男, 나홀로",Y,,,"양관 대제학을 지낸 박충원을 추모하기 위한 재실. 퇴계 이황의 뒤를 이어 양관 대제학을 지낸 낙촌(駱村) 박충원(朴忠元)의 14세손인 하천공 박병집과 그의 아들 만암 박채규가 선친을 추모하기 위하여 건립한 재실이다. 하천재(荷泉齋)를 중심으로 경모헌과 세심헌이 대칭으로 배치되어 있다. 평면 중앙부에 선조의 위패를 봉안하는 사당을 구성하여 강당과 사당을 한 건물에 결합한 근대기 재실 건축의 새로운 경향을 잘 보여 준다. 하천재는 강의실과 모임장소 역할을 하면서 2개의 온돌방은 손님의 잠자리로 사용되었다. 경모헌과 세심헌은 손님맞이용 사랑방으로 보아도 무방하다. 지금은 다도를 교육하고 전파하기 위하여‘하천다숙(荷泉茶塾)’으로 쓰고 있다. 아인 박종한 선생의 도예작품이 차문화 공간에 진열되어 공간을 예술화했다. 의친왕 이강이 쓴 현판, 한말 이조판서 윤용구와 명필 하동주, 오세창의 현판 글씨들이 있다. 박충원은 엄흥도에 의해 몰래 매장된 단종의 묘를 찾아 봉축하고 제물을 갖추고 제사를 지낸 것으로 유명하다."
189,남해 운대암 아미타후불탱,경상남도 남해군 창선로153번길 240,34.8672594,127.9908895,문화재자료,문화재자료 제418호,055-860-8631,"봄, 여름, 가을, 겨울, 자가용/렌트, 친구, 우정女, 우정男, 나홀로",Y,,,"남해 운대암 아미타후불탱은 주색 바탕 화면에 아미타좌상을 중심으로 그 좌우에 관음과 대세지, 가섭과 아난존자를 배치한 아미타오존 홍정이라 할 수 있다. 본존인 아미타불은 복견의와 대의를 갖춘 변형통견식 착의에 녹색두광과 적갈색 신광을 갖추고 연화좌 위에 앉아 있다. 수인은 아미타구품인 가운데 상품인을 취한 모습으로 보인다. 본존 좌우에는 관음과 대세지가 각각 정병과 경책을 들고 정면을 향해 시립하고 있으며, 본존과 보살상 사이로 보이는 뒤쪽에는 가섭과 아난존자가 합장 자세로 역시 정면을 향해 서 있다."
190,남해 운대암 지장시왕탱,경상남도 남해군 창선로153번길 240,34.8672594,127.9908895,문화재자료,문화재자료 제417호,055-860-8631,"봄, 여름, 가을, 자가용/렌트, 친구, 우정女, 우정男, 나홀로, 단체",Y,,,"본 작품은 화면 가운데 지장보살좌상을 중심으로 좌우에 원형두광을 갖춘 도명존자와 무독귀왕을 비롯하여 시왕, 판관, 사자, 동자 등의 권속들이 좌우대칭으로 정연하게 배치되어 있다. 높은 단 위의 백색 연화좌에 결가좌한 지장은 먹선으로 묘사한 투명한 두건을 쓰고, 가슴 위로 올린 오른손에는 보주를 들고 왼손은 무릎 위에 얹고 있다. 대좌 앞쪽에 놓인 석장은 지장의 왼쪽 어깨에 비스듬히 기댄 상태이다. 지장의 협시인 도명과 무독귀왕은 합장한 채로 서있고, 명부시왕은 각각 관을 쓰고 홀을 들거나 혹은 합장, 두루마리를 들고 지장을 향해 서 있다. 시왕들의 안면 수염이나 권속들이 착용한 털모자 등의 모근 표현은 세필로 섬세하게 묘사하였다. 또한 운문은 갈색에 부분적으로 백색을 바림하였다."
191,남해 운대암 제석신중탱,경상남도 남해군 창선로153번길 240,34.8672594,127.9908895,문화재자료,문화재자료 제416호,055-860-8631,"봄, 여름, 가을, 겨울, 자가용/렌트, 친구, 우정女, 우정男, 나홀로",Y,,,"전체적으로 본지의 박락과 안료의 변색으로 인해 화면이 칙칙하고 어두운 상태이며, 군데군데 곰팡이가 피어 있고 또한 화면 하단의 화기란 일부도 손실된 상태이다. 화면은 상하로 이분되어 상단에는 합장한 제석천이 천자와 천녀·동자를 거느리고 모두 서서 향우측을 향해 나아가는 모습이며, 하단에는 합장한 위태천이 용왕과 신중 등의 3위와 함께 역시 향우측을 향하여 서 있는 모습이다. 전체적으로 녹색과 적색을 주조색으로 하여 일부 금박을 사용하여 선명함을 살리고 있으나, 안료의 변색으로 원래의 색조보다 훨씬 퇴색된 상태이다. 이 신중탱은 기존의 제석천도와는 달리 입상형의 동세를 지닌 모습으로, 이 같은 행렬상의 제석천은 중국 명대 벽화에서 확인되어 이후 우리나라에 수용된 것으로 보인다. 따라서 조선시대 신중상 연구에 중요한 자료적 가치를 지닌다."
192,남해용문사경암당영정,경상남도 남해군 용문사길 166-11,34.7879404,127.9230404,문화재자료,문화재자료 제412-6호,055-860-8631,"봄, 여름, 가을, 겨울, 자가용/렌트, 친구, 연인, 우정女, 우정男, 나홀로",Y,,,"화면중앙에 위치한 경암당은 좌안7분면으로 왼손에는 주장자를, 오른손에는 염주를 쥐고 결가부좌하고 있다. 안면부는 백색을 바른 후 담묵선과 주선으로 윤곽을 잡았다. 눈의 상검선은 농묵으로, 하검선은 담묵으로 그었고 눈 양쪽 가장자리는 담묵으로 바림하였으며, 눈동자는 갈색을 바른 후 농묵으로 동공을 찍었다. 얼굴의 주름은 주색으로 긋고 그 주변을 엷게 바림하여 음영을 나타내었다. 머리의 정상부 모발과 수염은 백색의 짧은 선으로, 눈썹은 묵선과 백색의 세선으로 표현하였다. 인물은 흰 깃에 짙은 잿빛장삼위에 홍가사를 입은 후 녹색과 황색의 두 매듭으로 연결하였다. 장삼은 농묵으로 주름을 나타내어 음영을 표현하였고, 왼쪽어깨에 걸쳐진 가사의 모서리에는 사각형녹색바탕에 황색의 ‘天’자를 부착한 장식이 있다. 1955년 한국불교정화운동 이전까지는 홍가사를 수하였는데 이 홍가사에는 네 귀퉁이에 ‘天’자와 ‘王’자가 부착되어 있었다고 한다. 염주와 주장자에는 19세기부터 자주 나타나는 목리문을 그렸고 주장자의 고리와 양끝은 금니로 장식하였다. 인물의 뒷배경은 군청색바탕에 먹선으로 구름문양을 꽉 메운 충전구도이다. 화면의 1/2을 차지하는 돗자리는 갈색바탕에 주색세로선을 그은 후 백색, 황갈색, 먹으로 화문석문양을 묘사하였다. 그리고 돗자리 위의 방석은 주색 테두리에 배경과 동일한 군청색으로 격자문을 표현하였다. 화면 향좌측 목리문이 그려진 향탁위에는 향이 피워진 향로와 여러 빛깔의 과일이 담긴 청화백자가 놓여 있고, 담묵으로 처리한 향이 은은하게 피어오르고 있다."
193,남해용문사칠화상영정,경상남도 남해군 용문사길 166-11,34.7879404,127.9230404,문화재자료,문화재자료 제412-5호,055-860-8631,"봄, 여름, 가을, 겨울, 자가용/렌트, 친구, 우정女, 우정男, 나홀로, 단체",Y,,,"화면을 상하로 이분한 뒤 상단에 향우측으로부터 화영당, 인한당, 해경당을, 하단에 향우측으로부터 세염당, 나월당, 효월당, 송곡당을 순서대로 그리고 인물의 오른쪽 어깨위로 각각의 화제명호란을 만든 후 기입하였다. 스님들은 모두 좌안7분면에 결가부좌를 하고 있으며 손에는 염주 또는 주장자를 쥐고 있는 모습이다. 잿빛장삼에 홍가사를 걸치고 있으며 녹색, 군청색, 황토색의 매듭으로 가사를 수하고 있다. 짙은 잿빛과 옅은 잿빛 장삼을 교대로 배치하고 지물들도 변화를 주어 단조로움을 피하고 있다. 철선묘로 곧게 그린 후 약간의 음영을 가하여 입체감을 표현한 얼굴과 깊게 주름진 옷주름은 전통초상화법을 따르고 있으나 강한 음영법의 사용, 배경의 생략과 간략화된 돗자리, 일률적이고 변화없는 표정 등으로 보아 20세기 초의 작품으로 간주된다."
194,남해용문사팔화상영정,경상남도 남해군 용문사길 166-11,34.7879404,127.9230404,문화재자료,문화재자료 제412-4호,055-860-8631,"봄, 여름, 가을, 겨울, 자가용/렌트, 친구, 우정女, 우정男, 나홀로",Y,,,"화면을 상하로 이분한 뒤 상단에는 향우측부터 청진당, 청하당, 청운당, 락서당을, 하단에는 향우측부터 봉성당, 우진당, 용암당, 은암당을 그린 후 오른쪽 위에 각각 명칭을 기입하였다. 이들은 생략된 배경을 뒤로 무늬 없는 돗자리위에 좌안7분면의 결가부좌상으로 염주나 주장자를 들고 있는 모습이다. 8명의 스님 가운데 행적이 확인되는 분은 별로 없지만 그 중 낙서당은 삼천포 운흥사 낙서암에 주석하였던 것으로 알려져 있다. 그리고 시도유형문화재 제425호로 지정된 용문사 소재 부도군 9기 가운데 팔화상 중 청하당과 은암당의 부도가 포함되어 있다. 배경의 처리방식, 짙은 잿빛 장삼과 옅은 잿빛 장삼을 교대로 배치한 점, 가사의 매듭을 녹색, 청색, 황토색의 여러 끈으로 묶는 방식, 양 어깨의 기울기 정도, 안면부 윤곽과 묘사방식, 음영법에 의한 의복표현 안료의 선택, 화제란의 구성방식 등에서 칠화상영정과 동일한 것으로 보아 같은 시기에 동일한 화승에 의해 제작된 것으로 추정된다. 또한 삼화상영정은 구름문의 배경처리와 나옹화상의 법의표현은 다소 변화가 있는 요소이지만 무늬 없는 돗자리 표현, 인물의 윤곽과 양 어깨의 기울기, 한쪽어깨에 붉은 가사를 약간 걸치고 여러 매듭으로 연결하는 의복표현방식, 음영법에 의한 옷주름, 화제란의 구성방식 등이 칠화상영정·팔화상영정과 유사한 점이 많아 이 작품역시 같은 시기에 동일화승에 의해 제작된 것으로 보인다."
195,남해용문사삼화상영정,경상남도 남해군 용문사길 166-11,34.7879404,127.9230404,문화재자료,문화재자료 제412-3호,055-860-8631,"봄, 여름, 가을, 겨울, 자가용/렌트, 친구, 우정男, 나홀로",Y,,,"이 그림은 지공·나옹·무학 삼화상의 모습을 한 폭에 그린 삼화상영정이다. 화면중앙에는 지공화상이 좌안7분면으로 결가부좌를 한 채 왼손에 염주를 들고 있으며 나옹화상 역시 좌안7분면에 결가부좌를 하고 있으며 지물은 없다. 반면 무학화상은 우안7분면에 결좌부좌자세로 오른손에 주장자를 잡고 지공방향으로 앉아 있다. 지공은 흰색 깃이 달린 내의 위에 녹색의 옷을 입고 그 위에 원권문이 그려진 붉은 색 대의를 걸쳤다. 나옹과 무학은 옅은 잿빛의 장삼위에 홍가사를 걸쳤는데 나옹은 매듭으로 무학은 금구장식으로 가사를 연결하고 있다. 특히 나옹과 무학의 장삼에는 선염에 의한 음영법을 사용하여 입체감을 주고 있다. 스님들의 안면부는 살색을 칠한 후 먹선과 주선으로 윤곽선을 그렸으며, 상검선은 농묵으로 하검선은 담묵세선으로 묘사하였다. 짧은 모발은 담묵바림위에 농묵세선을 그어 표현하였는데 콧수염과 턱수염의 묘사방식도 이와 동일하다. 화면의 뒤편에는 간략한 구름문양이 있을 뿐 배경은 생략되었고 각 인물의 머리 윗편으로 화제란이 위치한다. 화면하단에는 군청색테두리를 가진 무늬 없는 돗자리가 그려졌으며 인물들의 앞에는 목리문이 있는 향탁과 불꽃이 피어오른 향로와 찻잔이 묘사되어 있다. 그런데 화면 뒤 배경의 황토색 바탕을 보채하면서 인물들의 두부 윤곽이 약간 변형되었다."
196,남해용문사백월당영정,경상남도 남해군 용문사길 166-11,34.7879404,127.9230404,문화재자료,문화재자료 제412-2호,055-860-8631,"봄, 여름, 가을, 겨울, 자가용/렌트, 친구, 우정女, 우정男, 나홀로",Y,,,"화면중앙 돗자리위에 백월당이 좌안 7분면의 결가부좌상을 하고 있다. 왼손에는 주장자를 잡고 오른손에는 염주를 쥐고 있다. 영정의 안면부는 살색으로 칠하고 먹선과 주색으로 윤곽선을 잡았으며 두부의 모발과 수염은 짧은 먹세선으로 표현하였다. 상검선은 농묵, 하검선은 담묵으로 그었고 눈동자는 갈색으로 동공은 농묵으로 찍었으며 눈동자의 좌우 끝은 담묵으로 바림하였다. 눈동자는 눈 상단에 치우친 채 약간 위를 쳐다보고 있는 모습이다. 안면부의 주름은 먹선 위에 주선으로 강하게 표현하였다. 인물뒤편으로 배경은 생략되었고 바닥에 돗자리만을 묘사하고 있다. 스님은 짙은 잿빛 장삼위에 녹청색과 옅은 군청색 그리고 백색의 세 끈 매듭으로 연결된 홍가사를 걸치고 있다. 장삼 주름은 농묵으로 바림하였고 가사 주름은 짙은 주색으로 표현하였다. 돗자리는 상하윤곽선은 청색으로 처리하고 그 내부에 가로선을 따라 흰색땀을 그려 바느질자국을 나타내었고, 안쪽은 황토색바탕에 짧은 가로 먹선을 그어 돗자리무늬를 묘사하였다. 오른손에 쥐고 있는 염주에는 간략한 목리문이 보인다."
197,남해용문사영해당영정,경상남도 남해군 용문사길 166-11,34.7879404,127.9230404,문화재자료,문화재자료 제412-1호,055-860-8631,"봄, 여름, 가을, 겨울, 자가용/렌트, 친구, 우정女, 우정男, 나홀로",Y,,,"19세기 후반 용문사의 화엄강주였던 영해당 기홍의 초상화로 ‘기묘년 조하’에 쓴 유석초의 영찬으로 보아 1891년 4월에 제작된 것이다. 화면속의 인물은 약간 향좌측을 향한 좌안7분면상이며 돗자리 위에 놓여있는 의자에 결가부좌를 하고 있다. 바닥에는 군청색 테두리를 두른 돗자리가 정면시점으로 펼쳐져 있고 화면 향좌측에는 향탁위에 향로 등이 묘사되어 있다. 왼손엔 주장자를 비스듬히 들고 있고, 오른손은 결가부좌한 무릎 위에 대어 염주를 가볍게 쥐고 있다. 이 향탁과 주장자에는 목리문이 선명하게 묘사되어 있다."
198,남해 용문사 영정 일괄,경상남도 남해군 용문사길 166-11,34.7879404,127.9230404,문화재자료,문화재자료 제412호,055-860-8631,"봄, 여름, 가을, 겨울, 자가용/렌트, 친구, 우정女, 우정男, 나홀로",Y,,,"남해 용문사 영해당 영정19세기 후반 용문사의 화엄강주였던 영해당 기홍의 초상화로 기묘년 조하에 쓴 유석초의 영찬으로 보아 1891년 4월에 제작된 것이다. 화면 속의 인물은 약간 향좌측을 향한 좌안 7분 면상이며, 돗자리 위에 놓여있는 의자에 결가부좌를 하고 있다. 바닥에는 군청색 테두리를 두른 돗자리가 정면 시점으로 펼쳐져 있고, 화면 향좌측에는 향탁 위에 향로 등이 묘사되어 있다. 왼손엔 주장자를 비스듬히 들고 있고, 오른손은 결가부좌한 무릎 위에 대어 염주를 가볍게 쥐고 있다. 이 향탁과 주장자에는 목리문이 선명하게 묘사되어 있다.남해 용문사 백월당 영정화면 중앙 돗자리 위에 백월당이 좌안 7분면의 결가부좌상을 하고 있다. 왼손에는 주장자를 잡고 오른손에는 염주를 쥐고 있다. 영정의 안면부는 살색으로 칠하고, 먹선과 주색으로 윤곽선을 잡았으며, 두부의 모발과 수염은 짧은 먹세선으로 표현하였다. 상검선은 농묵, 하검선은 담묵으로 그었고 눈동자는 갈색으로 동공은 농묵으로 찍었으며, 눈동자의 좌우 끝은 담묵으로 바림하였다. 눈동자는 눈 상단에 치우친 채 약간 위를 쳐다보고 있는 모습이다. 안면부의 주름은 먹선 위에 주선으로 강하게 표현하였다. 인물 뒤편으로 배경은 생략되었고 바닥에 돗자리만을 묘사하고 있다. 스님은 짙은 잿빛 장삼 위에 녹청색과 옅은 군청색 그리고 백색의 세 끈 매듭으로 연결된 홍가사를 걸치고 있다. 장삼 주름은 농묵으로 바림하였고 가사 주름은 짙은 주색으로 표현하였다. 돗자리는 상하 윤곽선은 청색으로 처리하고 그 내부에 가로선을 따라 흰색 땀을 그려 바느질 자국을 나타내었고, 안쪽은 황토색 바탕에 짧은 가로 먹선을 그어 돗자리무늬를 묘사하였다. 오른손에 쥐고 있는 염주에는 간략한 목리문이 보인다.남해 용문사 삼화상 영정지공·나옹·무학 삼화상의 모습을 한 폭에 그린 삼화상 영정의 화면 중앙에는 지공화상이 좌안 7분면으로 결가부좌를 한 채 왼손에 염주를 들고 있으며, 나옹화상 역시 좌안 7분면에 결가부좌를 하고 있으며 지물은 없다. 반면 무학화상은 우안 7분면에 결좌부좌자세로 오른손에 주장자를 잡고 지공방향으로 앉아 있다. 지공은 흰색 깃이 달린 내의 위에 녹색의 옷을 입고 그 위에 원권문이 그려진 붉은 색 대의를 걸쳤다. 나옹과 무학은 옅은 잿빛의 장삼 위에 홍가사를 걸쳤는데, 나옹은 매듭으로, 무학은 금구장식으로 가사를 연결하고 있다. 특히 나옹과 무학의 장삼에는 선염에 의한 음영법을 사용하여 입체감을 주고 있다. 스님들의 안면부는 살색을 칠한 후 먹선과 주선으로 윤곽선을 그렸으며, 상검선은 농묵으로 하검선은 담묵세선으로 묘사하였다. 짧은 모발은 담묵바림 위에 농묵세선을 그어 표현하였는데 콧수염과 턱수염의 묘사방식도 이와 동일하다. 화면의 뒤편에는 간략한 구름문양이 있을 뿐 배경은 생략되었고 각 인물의 머리 윗편으로 화제란이 위치한다. 화면하단에는 군청색 테두리를 가진 무늬 없는 돗자리가 그려졌으며, 인물들의 앞에는 목리문이 있는 향탁과 불꽃이 피어오른 향로와 찻잔이 묘사되어있다. 그런데 화면 뒤 배경의 황토색 바탕을 보채하면서 인물들의 두부 윤곽이약간 변형되었다.남해 용문사 팔화상 영정화면을 상하로 이분한 뒤 상단에는 향우측부터 청진당, 청하당,청운당, 락서당을, 하단에는 향우측부터 봉성당, 우진당, 용암당,은암당을 그린 후 오른쪽 위에 각각 명칭을 기입하였다. 이들은 생략된 배경을 뒤로 무늬 없는 돗자리 위에 좌안 7분면의 결가 부좌상으로 염주나 주장자를 들고 있는 모습이다. 8명의 스님 가운데 행적이 확인되는 분은 별로 없지만 그 중 낙서당은 삼천포 운흥사 낙서암에 주석하였던 것으로 알려져 있다. 그리고 경상남도유형문화재 제425호로 지정된 용문사 소재 부도군 9기 가운데 팔화상 중 청하당과 은암당의 부도가 포함되어 있다. 배경의 처리 방식, 짙은 잿빛 장삼과 옅은 잿빛 장삼을 교대로 배치한 점, 가사의 매듭을 녹색, 청색, 황토색의 여러 끈으로 묶는 방식, 양 어깨의 기울기 정도, 안면부 윤곽과 묘사방식, 음영법에 의한 의복표현 안료의 선택, 화제란의 구성 방식 등에서 칠화상영정과 동일한 것으로 보아 같은 시기에 동일한 화승에 의해 제작된 것으로 추정된다. 또한 삼화상영정은 구름문의 배경처리와 나옹화상의 법의 표현은 다소 변화가 있는 요소이지만 무늬 없는 돗자리 표현, 인물의 윤곽과 양 어깨의 기울기, 한쪽 어깨에 붉은 가사를 약간 걸치고 여러 매듭으로 연결하는 의복 표현 방식, 음영법에 의한 옷주름, 화제란의 구성 방식 등이 칠화상영정·팔화상영정과 유사한 점이 많아, 이 작품 역시 같은 시기에 동일화승에 의해 제작된 것으로 보인다.남해 용문사 칠화상 영정화면을 상하로 이분한 뒤 상단에 향우측으로부터 화영당, 인한당, 해경당을, 하단에 향우측으로부터 세염당, 나월당, 효월당, 송곡당을 순서대로 그리고 인물의 오른쪽 어깨 위로 각각의 화제 명호란을 만든 후 기입하였다. 스님들은 모두 좌안 7분면에 결가부좌를 하고 있으며 손에는 염주 또는 주장자를 쥐고 있는 모습이다. 잿빛 장삼에 홍가사를 걸치고 있으며 녹색, 군청색, 황토색의 매듭으로 가사를 수하고 있다. 짙은 잿빛과 옅은 잿빛 장삼을 교대로 배치하고 지물들도 변화를 주어 단조로움을 피하고 있다. 철선묘로 곧게 그린 후 약간의 음영을 가하여 입체감을 표현한 얼굴과 깊게 주름진 옷주름은 전통 초상화법을 따르고 있으나 강한 음영법의 사용, 배경의 생략과 간략화된 돗자리, 일률적이고 변화 없는 표정 등으로 보아 20세기초의 작품으로 간주된다.남해 용문사 경암당 영정경암당은 좌안 7분면으로 왼손에는 주장자를, 오른손에는 염주를 쥐고 결가부좌하고 있다. 안면부는 백색을 바른 후 담묵선과 주선으로 윤곽을 잡았다. 눈의 상검선은 농묵으로, 하검선은 담묵으로 그었고, 눈 양쪽 가장자리는 담묵으로 바림하였으며, 눈동자는 갈색을 바른 후 농묵으로 동공을 찍었다. 얼굴의 주름은 주색으로 긋고, 그 주변을 엷게 바림하여 음영을 나타내었다. 머리의 정상부 모발과 수염은 백색의 짧은 선으로, 눈썹은 묵선과 백색의 세선으로 표현하였다. 인물은 흰 깃에 짙은 잿빛 장삼 위에 홍가사를 입은 후 녹색과 황색 두 매듭으로 연결하였다. 장삼은 농묵으로 주름을 나타내어 음영을 표현하였고, 왼쪽 어깨에 걸쳐진 가사의 모서리에는 사각형 녹색 바탕에 황색의 천(天)자를 부착한 장식이 있다. 1955년 한국불교정화운동 이전까지는 홍가사를 수하였는데 이 홍가사에는 네 귀퉁이에 천(天)자와 왕(王)자가 부착되어 있었다고 한다. 염주와 주장자에는 19세기부터 자주 나타나는 목리문을 그렸고 주장자의 고리와 양끝은 금니로 장식하였다. 뒷배경은 군청색 바탕에 먹선으로 구름문양을 꽉 메운 충전구도이다. 돗자리는 갈색바탕에 주색세로선을 그은 후 백색, 황갈색, 먹으로 화문석문양을 묘사하였다. 그리고 돗자리 위의 방석은 주색 테두리에 배경과 동일한 군청색으로 격자문을 표현하였다. 화면 향좌측 목리문이 그려진 향탁 위에는 향이 피워진 향로와 여러 빛깔의 과일이 담긴 청화백자가 놓여 있고, 담묵으로 처리한 향이 은은하게 피어오르고 있다."
199,남해용문사산신탱,경상남도 남해군 용문사길 166-11,34.7879404,127.9230404,문화재자료,문화재자료 제411호,055-860-8631,"봄, 여름, 가을, 겨울, 자가용/렌트, 친구, 우정女, 우정男, 나홀로",Y,,,"암산과 폭포, 하늘과 서운, 노송 등을 먼 배경으로 하여 주인공인 산신과 사자를 함께 화면 가득 도설하고 있다. 깊은 산 계곡에 비스듬히 솟은 노송 앞에 다소 둔중해 보일 만큼 큰 체구의 산신이 오른손에 긴 지팡이를 쥐어 땅에 짚고, 왼손엔 불로초를 들고 커다란 호랑이에 몸을 기대어 우측 전방을 주시하며 앉아 있다. 복장은 흰색의 내의를 입고 그 위에 가장자리를 초문을 넣은 흰 반원문으로 장식한 단령포를 입었으며, 가슴과 배에 의대로 묶어 내려 다소 번잡스러운 느낌을 준다. 머리카락은 빗어 올려 정수리에서 상투를 틀어 치포관을 쓰고 그 위에 작은 원문이 장식된 투명한 망건을 썼다. 얼굴은 갈색을 펴 바르고, 이마의 굵은 주름, 턱, 인중, 안와선 등은선염으로 음영을 주었다. 머리카락과 수염은 담묵으로 칠하고 흰색과 검은색의 세선으로 섬세하게 표현하였다. 산신이 기대고 있는 호랑이는 산신만큼 크게 그렸으며, 방울 같은 큰 눈의 눈동자는 검은색으로 그 외곽은 갈색과 녹색을 번갈아 칠하고, 가장 외곽은 선홍색을 칠해 호랑이다운 눈을 강조하였다. 붉은색으로 칠하고 먹선으로 윤곽을 잡은 코, 입 밖으로 나온 이빨과 혀는 해학적인 분위기를 준다. 한편, 눈두덩이 위에 눈처럼 보송보송한 하얀 털이나 몸에 표현된 털은 터럭 하나하나를 섬세하게 묘사하여, 호랑이와 산신의 일체된 분위기를 연출함에 손색이 없다. 굵고 튼튼한 두 앞발을 적당하게 벌려서 힘차게 버텨 서서 가슴을 내밀고 얼굴로 산신을 감싸 보호하는 듯하며, 쭉 뻗은 허리를 따라 S자로 뻗힌 꼬리도 역동적인 힘이 넘쳐 보인다. 표범의 등 뒤엔 산신의 시자인 천재동자가 푸른 천의를 어깨 위로 나부끼며 양손으로 흰 대반에 공양물을 받쳐 들고 있다. 먼 풍경에 힘차게 떨어지는 폭포와 청명한 하늘에 떠있는 흰 구름, 마치 노송임을 나타내듯 갈색 위에 그려진 다양한 크기의 태점과 부채꼴 모양의 솔잎 등 산수와 함께 산신과 호랑이의 능력이 표현되기에 충분하다."
200,남해 용문사 독성탱,경상남도 남해군 용문사길 166-11,34.7879404,127.9230404,문화재자료,문화재자료 제410호,055-860-8631,"봄, 여름, 가을, 겨울, 자가용/렌트, 친구, 우정女, 우정男, 나홀로",Y,,,"이 불화는 화면 가득히 독성을 배치하고 최상단의 소나무와 독성의 양측에 암석을 그려 넣어 자연에서 수도하는 수도자의 모습을 묘사하였다. 독성은 가장자리에 붉은색을 장식한 자리 위에 3/4분 정도 방향을 틀어 앉아 오른쪽 다리를 세우고, 무릎 위에 오른팔을 뻗어내린 채 왼손에는 주장자를 쥐고 어깨에 비스듬히 기대었다. 구체적인 표현 기법을 살펴보면, 피부색은 흰색이며, 전체적으로 펴 바른 뒤 붉은색으로 윤곽선을 그었으며, 이마의 주름선이나 미간, 안와선, 턱 등은 선염하여 음영을 주었다. 담채의 몰골법으로 그려진 흰 눈썹과 사물을 주시하는 듯한 눈은 상금선을 먹선으로 긋고, 하금선은 먹선으로 눈꼬리의 끝만을 살짝 그어 윤곽을 그리고, 눈동자는 갈색을 칠하고 그 가장자리와 동공은 먹선으로 마무리하였다. 꽉 다문 붉은 입술은 독성의 눈빛과 아울러 구도자로서의 강인한 의지가 표현되기에 손색이 없다. 가슴과 배가 모두 드러나게 양 어깨에 걸친 가사자락은 전체적으로 붉은색을 펴바르고 짙은 붉은색으로 그어 옷주름을 표현하였다. 화면 최상단에 그려진 소나무는 부채꼴모양으로 솔잎이 겹겹이 그려졌는데, 전체적으로 녹색을 칠하고 그 안쪽은 짙은 녹색을 칠해 바깥으로 서서히 선염해 입체감을 주었다. 또한 독성의 양측에 그려진 큐빅 모양의 바위는 바깥으로부터 청색, 백군으로 칠하고, 가운데는 본지가 드러나도록 하여 바위의 입체감을 주었다."
201,남해용문사건양2년독성탱,경상남도 남해군 용문사길 166-11,34.7879404,127.9230404,문화재자료,문화재자료 제409호,055-860-8631,"봄, 여름, 가을, 겨울, 자가용/렌트, 친구, 우정女, 우정男, 나홀로",Y,,,"구도는 커다란 암산을 배경으로 한 그루의 노송 앞에 독성을 배치한 구도이다. 구체적으로 보면, 화면을 가득 채운 암산과 그 앞으로 노송 한 그루, 해와 새, 계곡의 물줄기 그리고 한 편에는 아름다운 꽃과 운무를 적절하게 배치하여 환상적인 심산유곡을 표현하였다. 암산에서 이어진 평평한 암반 위에 독성은 양다리를 옆으로 벌려 앉아서 경상 위의 책과 향로를 옆으로 밀어둔 채 깊은 사색을 즐기며 편안하고 여유로운 모습을 그려둔 것이다. 오른팔은 바닥을 짚어 몸을 지탱하고, 왼팔은 손목에다 두 줄의 단주와 함께 손에도 다시 굵고 목리문이 그려진 단주를 쥐고 있다. 그 모습을 구체적으로 살펴보면, 수노인(壽老人)처럼 불룩한머리는 붉은 색을 발라 선염하고, 얼굴 및 피부색은 엷은 갈색을 펴 바르고 붉은 선으로 윤곽을 그렸으며, 이마 주변, 안와선, 턱 아래 등에 부분적으로 피부색과 같은 색으로 약하게 음영을 주었다. 늘어진 흰 눈썹과 턱아래 수염은 흰색으로 그리고, 반달모양의 눈은 먹선으로 상금선을 긋고, 하금선 눈꼬리에 끝만을 살짝 표현하였으며, 동공은 갈색을 칠하고 먹선으로 윤곽을 그렸다. 독성은 상체를 드러낸 채 가장자리를 검은색으로 댄 붉은 가사를 몸에 두르고 있다. 붉은 가사 위에는 초문을 그린 원권문이 장식되어 있고, 가사의 옷주름은 먹선으로 그려 넣었다. 독성 뒤의 산수는 양록으로 칠하고 먹선으로 산의 준을 표현하고 그 위에 흰태점을 올려 장식적인 효과를 더하였다. 독성의 좌측에 솟은 노송은 둥글게 아치를 이루면서 머리 위로 휘어졌는데, 그 노송에 갈색을 칠하고 그 위에 붉은 색 먹선을 한 번 돌린 태점을 그려 넣어 나무의 질감을 살렸다. 부채꼴 모양의 솔잎, 붉은 해 아래 청조와 노송 가지를 휘감은 운무, 떨어지는 폭포 등은 19세기 이후 민화의 한 장면을 연상케 하며, 산수의 표현이 좋은 작품이다."
202,남해 용문사 현왕탱,경상남도 남해군 용문사길 166-11,34.7879404,127.9230404,문화재자료,문화재자료 제408호,055-860-8631,"봄, 여름, 가을, 겨울, 자가용/렌트, 친구, 우정女, 우정男, 나홀로",Y,,,"이 작품은 현왕을 중심으로 11존의 권속이 원형으로 둘러 서 있으며, 권속들은 좌우대칭 구도를 이룬다. 흰 바탕 위에 담묵으로 산수를 그린 4곡병 앞에 현왕은 의자 등받이에 흰색 천이 덮인 의자를 뒤로 하고, 목리문이 그려진 넓은 탁자 위에 반가좌의 자세로 앉아 있다. 오른손은 오른쪽 무릎 위에 두고 왼손은 가슴위까지 들어 홀을 가볍게 쥐고 있는 모습으로, 일반적으로 탁자가 놓인 의자에 앉아 권속들과 망자를 심판하는 광경을 묘사하고 있는 것과는 차이가 있다. 현왕의 양 옆에는 관을 쓰고 공복을 입은 인물이 쟁반에 복숭아와 함을 들고 서서 그 옆으로 등을 돌려 선 인물과 서로 이야기 하듯 서 있어 인물들이 서로 유기적 관계로 이어져 있는 듯하며 다시 그 아래에는 산개를 든 2명의 인물이 서 있다. 현왕의 앞에 홀을 들고 등을 살짝 구부려 대륜성왕과 전륜성왕이 서 있고, 그 좌측으로 녹사가 명부를 들고 있거나 혹은 가운데 무릎을 꿇어 망자의 죄상을 고하는 장면이 묘사되어 있는데 무릎 꿇은 인물은 관찰자의 시선을 집중시키면서 각자의 역할을 맡아 임무를 수행하는 모습이 역동적인 분위기를 만들어내고 있다. 인물들을 자세히 보면, 현왕의 피부색은 옅은 갈색으로, 다른 권속의 흰 피부색과 차이를 두고, 찌푸린 미간, 인중이나 턱 등에는 선염하여 음영을 주었다. 눈썹과 수염은 담묵으로 펴 바르고 검은 세선과 흰 세선을 교대로 그어 섬세하게 묘사하고 있으며, 사선으로 올라간 눈, 이마로부터 뻗은 코, 몰골법으로 그린 작고 붉은 입술은 신중히 판관의 이야기를 듣고 있는 현왕을 표현하기에 손색이 없다.가장자리를 검은색으로 장식한 붉은 색 관복은 바탕보다 짙은 동색의 선을 사용하여 옷주름을 표현하고, 또한 붉은 관복 위에는 황토로 그린 원권문이 장식되었다. 권속의 의복은 주로 붉은색과 녹청색을 번갈아 사용하여 색의 강한 대비를 이루고 있다."
203,남해 용문사 동치3년 신중탱,경상남도 남해군 용문사길 166-11,34.7879404,127.9230404,문화재자료,문화재자료 제407호,055-860-8631,"봄, 여름, 가을, 겨울, 자가용/렌트, 친구, 우정女, 우정男, 나홀로",Y,,,"용문사 동치 3년 신중탱은 대칭 3단구도로 최상단 가운데 8곡 병풍 앞에 범천 및 제석천과 그 뒤로 청동자 청동녀가 서 있고, 이 두 인물의 아래는 일궁천자. 월궁천자. 그 앞으로 두 천녀를 배치하였다. 중단에는 3면 6비의 예적금강을 중심으로 우측에 칼을 든 신장상과 좌측에 새 깃 모양의 날개가 달린 투구를 쓰고 갑옷을 입은 위태천을 도설 하였으며, 가운데는 날카로운 수염과 물갈퀴가 표현된 용과 머리에 새 모양의 관을 쓴 가루라가 나란히 서 있다. 범천과 제석천의 얼굴을 보면 옅은 갈색을 펴 바르고 붉은 선으로 윤곽선을 그렸다. 색조는 주로 붉은색. 군청. 녹청이 사용되었는데, 붉은색 법의는 짙은 붉은 선으로 긋거나 혹은 군청. 녹청의 경우는 옷주름을 녹청과 백록. 군청과 백군은 번갈아 칠해 주름을 표현하였음이 신장상의 의상에서 확인되었다."
204,남해 용문사 아미타여래오존탱,경상남도 남해군 용문사길 166-11,34.7879404,127.9230404,문화재자료,문화재자료 제406호,055-860-8631,"봄, 여름, 가을, 겨울, 자가용/렌트, 친구, 우정女, 우정男",Y,,,"아미타여래오존탱은 중앙에 아미타불을 중심으로 앞쪽 좌우에 지장과 관음, 뒤쪽 좌우에 아난과 가섭이 대칭구도를 이루면서 시립해 있다. 존상들은 신체에 비해 머리가 작은 편이며 신체 비례도 좋은 편이다. 본존불은 2단의 나무 좌대 위 청련좌에 결가부좌하였으며, 엄지와 중지를 맞댄 양손은 오른손은 가슴 앞으로 들고 왼손은 무릎 위에 두었다. 넓고 둥근 얼굴에 비해 눈, 코, 입이 작고 얼굴의 중앙에 몰려 있는 느낌이다. 본존의 두광 위에서 올라간 두 가닥의 푸른 서기는 마치 천의가 휘날리듯 양쪽으로 퍼지면서 위로 오르고 있다. 착의법은 오른쪽 어깨에 편삼을 걸치고 그 위에 왼쪽 어깨를 덮고 오른쪽 어깨를 살짝 덮어 내려오는 변형통견식이다. 대의는 붉은 색으로 칠하고 그 위에 황색으로 권문을 군데군데 일정하게 그려 넣어 장식하였으며, 옷주름 선은 짙은 붉은 색으로 그렸다. 가슴 아래 입은 어두운 녹청의 군의는 가장자리를 대의와 같이 초문당초로 장식하였다. 특히 이 불화에 대의나 군의의 옷주름을 이들 법의에 칠해진 색보다 짙은 동일색으로 선을 그어 표현하거나 가섭의 법의에서와 같이 선염으로 음영을 주어 표현하였다.아미타여래를 중심으로 좌우에 시립한 존상들은 육신색이나 법의 등의 색채 처리가 동일하다. 이들 중 관음상은 머리로부터 길게 덮어 내린 천의 위에 가는 먹선으로 칠보문을 그렸는데, 고려 불화와 같은 아름다움이나 얇고 부드러운 질감을 드러내기보다는 단순히 모티브만을 계승하는 시대적인 한계를 느끼게 한다. 또한 조선후기 불화에서 일반적인 표현법으로 본존불의 대좌 고리장식이나 지장의 석장 끝장식 등 금속구 장식물은 도톰하게하여 금분을 칠해 질감을 나타낼 뿐만 아니라 장식성까지 더하였다."
205,남해 용문사 봉서루,경상남도 남해군 용문사길 166-11,34.7879404,127.9230404,문화재자료,문화재자료 제394호,055-860-8631,"봄, 여름, 겨울, 자가용/렌트, 친구, 우정女, 우정男, 나홀로",Y,,,"대웅전과 마주보고 있는 넓은 강당인 2층 누각. 용문사 봉서루의 초창은 1720년에, 현재의 모습을 보이는 구성의 중창은 1833년에 이루어진 것으로 판단된다. 봉서루는 정면 7칸, 측면 4칸의 팔작지붕으로 된 중층 건물로서 누하진입 형식의 공간구성을 하고 있으며, 높은 단차를 해결하기 위해 하층의 기둥을 높게 처리하였다. 이 하층의 기둥은 근년에 보수공사를 하면서 석주로 바꾸어 원래의 형상이 변경된 것으로 보인다. 하층의 공간은 전면은 비어 있으며, 상층의 바닥은 맞보형의 우물마루로 구성되어 있는 넓은 강당으로 구성되어 있다. 벽의 구성은 전면과 측면이 바라지 문으로 구성되어 있으며, 대웅전을 향한 후면은 개방되었던 것으로 파악되나, 근년에 교살창의 삼분합문을 달았다. 누의 중앙에는 1열의 기둥열을 두었다. 지붕 가구는 무고주 7량의 구조로 비교적 규모가 큰 구성을 이루었고, 천정은 연등천정으로 네 모서리에는 선자연이 잘 구성되어 있다. 공포는 조선 후기의 초익공 형식이다. 내진주에는 교두형의 첨자에 주두를 두었고, 종도리의 대공은 판대공으로 구성하였다."
206,남해 용문사 청동반자,경상남도 남해군 용문사길 166-11,34.7879404,127.9230404,문화재자료,문화재자료 제378호,055-860-8631,"친구, 우정女, 우정男, 나홀로, 단체",Y,,,"승려들에게 공양 시각을 알리는 데 쓰이는 도구. 원형 형태의 청동반자는 이면에 10cm 폭 가량의 가장자리를 남겨놓고 가운데가 뚫려있어 마치 징과 같은 모양이다. 반자 표면은 3조의 돌기대로 구획되어 있는데, 내구는 타격하는 부분이라 많이 마모된 상태이다. 전면 가장자리에 약 10cm의 보수흔이 있으며, 측면에는 파손된 구멍자국이 보인다. 반자 앞면은 3조의 돌기대를 동심원권(同心圓圈)으로 둘러 내구(內區)·중구(中區)·외구(外區)로 구획되어 있다. 3조의 돌기대는 표면에서 융기되어 뚜렷하게 도드라져 있다. 내구와 중구는 문양이 없으나, 외구는 직경 7.4cm 크기의 범자삽입연판원문(梵字揷入蓮瓣圓文)이 일정한 간격을 두고 5군데 시문되어 있다. 반자 측면도 앞면과 마찬가지로 3조의 돌기대를 둘렀고, 3개의 반원형의 귀(고리꼭지)를 일정한 간격을 두고 설치하였는데, 고리는 따로 주조하여 붙였다. 이면은 6개의 동심원권(同心圓圈)으로 음각되었고 그 간격이 일정하지는 않다."
207,남해 용문사 동종,경상남도 남해군 용문사길 166-11,34.7879404,127.9230404,문화재자료,문화재자료 제377호,055-860-8631,"봄, 여름, 가을, 겨울, 자가용/렌트, 친구, 우정女, 우정男, 나홀로",Y,,,"중생들의 번뇌를 없애기 위해 치는 불교의 상징물. 남해 용문사 동종은 음통과 용뉴가 1개씩 있으며, 편평한 천판은 세장방형의 12개 연판으로 구성되어 있고, 종형(鐘形)은 견부(肩部)에서 종구(鐘口)로 내려갈수록 넓어지고 있다. 용뉴는 입을 벌리고 있는 용의 머리와 3개의 발가락을 가진 두 발이 모두 천판과 맞닿아 있고, 몸의 형태는‘∩’자형으로 1개의 여의주를 받치고 있으며, 꼬리 부분은 음통을 2번 휘감고 있다. 용의 두부는 큰 눈과 날카로운 이빨, 크게 벌린 입, 뿔이 생동감 넘치고 비늘표현도 비교적 사실적이다. 음통의 구연부분은 4개의 연잎이 만개한 형태를 하고 있으며, 그 아래쪽은 사선문으로 처리하고 있다. 상대는 돋을새김의 원권(圓圈)에 범자문(梵字文)을 삽입하여 배열하였으며, 신부에는 4개의 유곽을 배치하고 유곽과 유곽 사이에는 합장형 보살입상 4구를 배치하고 있으며, 당좌는 별도로 두고 있지 않다. 유곽은 사다리꼴 형태로 그 안에 총 9개의 볼록한 뉴(乳)와 유좌가 위치하며, 유곽대에는 연속 당초문을 나타내고 있다. 보살상은 사다리꼴의 틀 안에 돋을새김 기법으로 표현하였는데, 두부에는 2조의 선으로 구성된 원형 두광을 구비하고 화려한 보관을 쓰고 있다. 상호는 코와 입 표현이 비교적 사실적이며, 군의 위에 천의를 걸쳤으며 의습 표현이 매우 자연스럽다. 하대는 종구에서 약 5cm 떨어진 위치에 연화당초문을 둘러 나타내고 있다."
208,남해용문사삼장보살탱,경상남도 남해군 용문사길 166-11,34.7879404,127.9230404,문화재자료,문화재자료 제352호,055-860-8631,"봄, 여름, 가을, 겨울, 자가용/렌트, 친구, 우정女, 우정男, 나홀로",Y,,,"삼장보살탱의 구성은 상하 2단으로 상단에는 세보살상과 권속들을 배치하고, 하단에는 각종 신중상들을 배치하고 있다. 먼저 상단의 경우, 중앙에 천장보살과 그 좌우에 합장형의 진주·대진주보살을 두고, 그 좌측(향우측)에는 지지보살과 용수·다라니보살이 시립하고, 우측(향좌측)에는 정형의 지장보살상 좌우에 도명과 무독귀왕이 합장하고 있다. 그리고 화면 위쪽에는 천부중, 신중, 명부중 등 제권속들의 상반신만 묘사된 채 화면을 메우고 있다. 화면 하단에는 가운데 동자 2구외에 22구의 신장상이 상하 2열로 배치되어 있다. 화면 상하단과 보살상과 권속들 간에는 각각 구름을 배치하여 도상을 구분 짓고 있다. 화면 하단은 황토색으로 채색하여, 신중상들이 밟고 있는 지면을 표현하고 있다. 주조색은 주색·녹청·살색이며, 부분적으로 청색과 회색을 활용하고 있다. 삼장보살의 육신부는 살색바탕에 먹선으로 그은 뒤 다시 옅은 갈색 세선으로 윤곽을 잡고 있다. 그리고 눈썹과 콧수염, 턱수염은 짙은 녹청색으로 채색하여 표현하였다. 이 작품은 용문사 대웅전 반대 측 벽면에 걸려있는 神衆幀(1897년)과 동 시기에 제작된 작품이다. 이 역시 규모(縱186.3, 橫255.5cm)가 비교적 큰 편이고, 19세기 삼장보살 도상 연구에 자료적 가치가 있으며, 조형성이 엿보여 문화재자료로 지정 함."
209,남해 용문사 소장문헌,경상남도 남해군 용문사길 166-11,34.7879404,127.9230404,문화재자료,문화재자료 제351호,055-860-8631,"봄, 여름, 가을, 겨울, 자가용/렌트, 친구, 우정女, 우정男, 나홀로",Y,,,"필사본 전적 2권 5책인『만년통고』와『복전집』. 남해 용문사에서 소장하고 있는 필사본 전적 2권 5책인『만년통고(萬年通考 2책)』,『복전집(福田集 3책)』은 그 내용으로 보아 18세기 초 (1704년, 숙종 30년)부터 20세기(1956년) 후반까지 용문사 사찰 내의 주지와 간부 승려의 변동 사항, 사찰 내의 각종 중요 사항, 시주의 명단과 시주물목, 그 밖에 국내의 여러 가지 사건과 행사 등을 기록하고 있다. 특정 사찰의 사적(事蹟)기록물로서 뿐만 아니라 지방에서 작성된 역사기록물로의 사료적 가치 또한 높다. 또한 필사본으로서 당시의 실명(實名)이 기록되어 있기 때문에 남해지역 지방사, 사찰사 연구에도 중요한 자료이다."
210,남해 용문사 건양2년 영산회상탱,경상남도 남해군 용문사길 166-11,34.7879404,127.9230404,문화재자료,문화재자료 제347호,055-860-8631,"봄, 여름, 가을, 겨울, 자가용/렌트, 친구, 우정女, 우정男, 나홀로",Y,,,"1897年(건양 2)에 조성된 작품으로 화면 중앙에 위치한 석가모니를 중심으로 전방 좌우측에 협시인 문수ㆍ보현보살과 사천왕 중2구가 배치되어 있고, 그 상단에는 미륵·제화갈라·관음·지장 보살 4구가 각각 2구씩 배치되어 있으며, 가장 상단에는 대제자상·8금강(4구)·사천왕상(2구) 등의 권속들을 꽉 차게 배치하고 있다. 권속들의 모습은 화면 아래에서 위쪽으로 갈수록 상대적으로 작게 표현하여 상승감을 주고 있다. 색채는 백색·녹색·적색을 주로 사용하고 있으며, 부분적으로 청색과 회색을 사용하고 있다. 본존의 육신부는 백색 바탕에 굵고 가늚이 없는 먹선으로 윤곽선을 묘사하고 있다. 두부는 흑색을 머리는 흑색으로 바른 뒤 녹청선으로 가장자리의 윤곽선을 둘렀다. 우견편단식의 홍색 대의는 가장자리에 화문을 장식하여 화려하게 처리하였고, 대의 이면은 청색을 발라 홍색과 강한 대비를 이루며, 접히는 부분을 음영으로 표현하여 의습 자락을 나타내고 있다. 본존의 협시보살과 권속보살의 경우도 본존의 기법과 거의 흡사하며 방형 화면의 모서리 4곳에 각각 배치된 사천왕상 가운데 하단 좌우측 가장자리에 전신을 드러낸 광목천왕(향좌측), 증장천왕(향우측)은 홍색·청색·녹청으로 배색된 갑주를 입고, 회색 구름 위에 시립하고 있는 모습이 화려하다. 안면은 백색에 담갈색으로 음영처리를 하여 굴곡을 나타내고, 붉은 입술에 가늘고 짙은 먹선으로 파상형의 수염 형태를 반복하여 그렸다. 바닥과 천공의 여백에는 청색을 바르고, 화면 상하단과 중간에 구름을 배치하여 도상 간에 경계를 짓고 있다. 구름은 적운문 형태를 이루고 있으며, 담황색과 회색의 농담을 사용하여 음영 표현을 나타내고 있다. 현존 상태가 비교적 양호하고, 표현기법이 전통화법에서 근대수법이 가미된 것으로 보이는 화기에 의하면, 화원이 편수(片手), 연호(蓮湖), 봉의(奉宜)를 비롯하여 여러 명이 관여하였으며, 시주자도 많은 사람이 등장하고 있는 중요한 자료이다."
211,남해금오산성,남해군 창선면 당항리 산102외,34.8988383,128.0085461,기념물,기념물 제249호,055-860-8631,"봄, 여름, 가을, 겨울, 자가용/렌트, 친구, 우정女, 우정男, 나홀로",Y,,,"창선 동쪽과 삼천포가 훤히 보이는 고려 말 산성. 금오산성(金鰲山城)은 남해군 창선면 당항리 소재 금오산(해발261m)의 정상을 둘러싸고 있는 테뫼식의 석축성이다. 산성으로 오르기까지의 경사가 매우 급해 접근이 용이하지 않으며, 성에서는 창선의 동쪽 해안과 삼천포 일대가 훤히 내려다보인다. 체성은 비교적 얇은 활석을 무질서하게 쌓아 축조한 것으로, 여장도 부분적으로 남아 있다. 성벽에서는 치가 확인되는 곳이 있으며, 2개의 문지가 있는 것으로 판단된다. 이 가운데 서문지는 폭 4m 가량으로, 비교적 뚜렷하게 확인되나 남문지는 확실하지 않다. 골짜기에 해당되는 남문지 내부에는 우물 혹은 연못으로 추정되는 시설이 있으며, 배수로를 따라 성 밖으로 물이 배출되고 있다. 그 외에 성의 내부에서 건물지 등은 확인이 곤란하다. 다만, 진주 전송대산성에서도 확인된 바 있는 초소와 같은 시설이 성벽의 안쪽에 축조되어 있어 주목된다. 삼천포 각산산성의 축조수법과 매우 유사한 것으로 보이며, 그 축조시기를 고려 말까지 올려볼 수도 있을 것으로 판단된다."
212,남해용문사목조아미타삼존불좌상,경상남도 남해군 용문사길 166-11,34.7879404,127.9230404,유형문화재,유형문화재 제446호,055-860-8631,"봄, 여름, 가을, 겨울, 자가용/렌트, 친구, 우정女, 우정男, 나홀로",Y,,,"대웅전에 주불과 협시보살로 봉안된 아미타삼존불. 이 삼존불은 대웅전 중앙에 위치한 장방형 불단 위에 각각의 연화좌를 두고 그 위에 봉안되어 있다. 머리 뒤편 정수리 쪽으로 서너개의 나발이 결손되었거나 소매와 군의자락에 도금이 탈락한 것을 제외하면 전반적인 보존상태는 비교적 양호한 편이다. 세 구의 불상은 저부에 마련된 복장공이 모두 열려 있었고, 복장물 역시 대부분이 도난당한 상태였으며, 그중 경전·다라니 등이 불상 내부의 목 부분과 팔, 다리 쪽으로 끼워져 남아 있었다. 또한 양측 협시상은 저부의 복장공 외에 배면 중앙에 타원형의 복장공을 따로 만들어 다른 판재로 엉성하게 덧대어 마감되어 있다. 배면에 마련된 별도의 복장공은 팔의 내부나 머리와 같이 좌상의 밑바닥에서 복장물을 채우기 어려운 것을 쉽게 처리하기 위한 것으로 보인다."
213,남해 용문사 건륭25년명 운판,경상남도 남해군 용문사길 166-11,34.7879404,127.9230404,유형문화재,유형문화재 제429호,055-860-8631,"봄, 여름, 가을, 겨울, 자가용/렌트, 친구, 우정女, 우정男, 나홀로",Y,,,"구름모양의 일반적 운판과 달리 특이한 형태. 운판의 형태는 정상부의 보주형 장식을 중심으로 좌우 대칭을 이루고, 원형의 당좌를 중심으로 외곽을 화염형으로 처리하였다. 일반적인 운판의 형태가 구름모양을 띠는 것과 달리 이 운판은 화염형에 가까운 특이한 형태를 띠고 있으며, 좌우보다 상하가 긴 형태이다. 앞뒤 면 모두 당좌 주변에 돋을새김 문양을 장식한 양면식 운판이다. 당좌의 상부에는 범(梵)자 삽입 원권문 3개가 삼각형 구도로 배치되어 있으며, 그 정상부와 좌우에 매달기 위한 구멍이 각각 1개씩 모두 3개가 뚫려 있다. 당좌는 이중 원형 테두리를 둘러 구획 하였는데, 당좌 내부에는 별다른 조식이 없고, 테두리 안에는 도식화된 연당초문이 시문되어 있다. 그리고 당좌 주위의 여백에는 궐수문과 구불구불한 선이 연속적으로 이어져 있는데, 운판이라는 유물의 성격으로 볼 때 도식화된 운문으로 추정된다. 그리고 당좌의 둘레에는‘건륭이십오년경진 오월일’과‘진주백천사’라는 명문이 점각되어 있다. 그리고 배면의 문양 구성 역시 당좌 테두리 내에 연당초문이 생략되었을 뿐 전면과 동일하며,‘도 광십칠년정유이월일매득’과‘남해 용문사’라는 점각 명문이 새겨져 있다."
214,남해 용문사 목조사천왕상,경상남도 남해군 용문사길 166-11,34.7879404,127.9230404,유형문화재,시도유형문화재,055-860-8631,"봄, 여름, 가을, 겨울, 자가용/렌트, 친구, 우정女, 우정男, 나홀로",Y,,,"용문사 사천왕상은 탐관오리를 밟고 있다. 용문사 천왕문 내 좌우측에 목조천왕좌상이 각각 2구씩 배치되어 있다. 향우측에 동방 지국천왕, 남방 증장천왕, 향좌측에 서방 광목천왕, 북방 다문천왕이 위치하며, 4구 모두 발을 아래로 내린 기형으로 발밑에는 탐관오리 1구씩 각각 밟고 있다. 두부에는 화려한 보관을 쓰고 몸에는 갑옷을 착용하였는데, 양쪽어깨에서 발 아래까지 천의자락이 흘러내리고 있다. 손의 지물로 동방은 비파, 서방은 용과 여의주, 남방은 장도, 북방은 보차를 쥐고 있다. 상호는 방형이며 모두 분홍색이나, 다문천왕상은 적색을 띤 연한 검푸른빛의 육신색을 발라 구별하고 있다. 보관은 일부 장식들이 탈락한 것으로 보이나, 현재 증장천왕을 제외한 나머지 천왕들의 경우 무궁화를 장식하고 두 마리의 봉황이 서로 마주보며 배치되어 있고 그 주변으로 각종 꽃으로 장식하였다. 증장천왕의 경우 보관 중앙에 날개를 크게 편 봉황 한마리를 배치하고, 그 주위에 꽃과 화염문을 장식하였다. 착의는 견갑, 흉갑, 복갑, 요갑을 입었고, 머리 뒤쪽에서부터 발끝까지 대의가 늘어뜨려져 있는데 두부에 위치한 천의에는 대형 화염문이 장식되어 있고 하반신 아래 부분에는 8자로 매듭지어 있다. 증장천왕과 다문천왕의 대의는 결실된 상태이다."
215,남해 용문사 목조,경상남도 남해군 용문사길 166-11,34.7879404,127.9230404,유형문화재,유형문화재 제427호,055-860-8631,"봄, 여름, 가을, 겨울, 자가용/렌트, 친구, 우정女, 우정男, 나홀로",Y,,,"대중법회 때에 사용하는 배식통 또는 설거지통. 표면에 목리가 뚜렷하고, 일부 균열이 있으나 보존상태는 양호한 편이다. 통나무 가운데를 파서 만든 구유 형태의 지조(紙槽)로 양끝에는 각각 37cm, 47cm의 턱받이가 마련되어 있으며, 그중 한 곳은 턱받이 밑에 부착된 세로 부재에 직경 7.5cm의 원공이 관통되어 있다. 용기 내부의 중앙 바닥에는 배수를 위한 직경5.5cm의 원공이 뚫려 있다. 이러한 형태의 유물은 비교적 규모가 큰 사찰에 1~2점씩 전해지고 있으며 일반적으로 많은 대중이 운집하는 법회 때 배식용 목식통으로 전해지고 있으나 원래 조선시대 사찰에 부과되었던 역할과 관련된 유물로 추정되며, 닥종이의 원료를 풀 때 사용하던 용기로 보는 견해도 있다. 이와 관련된 자료로 통도사에 2점의 지조가 전래하고 있으며, 닥을 갈 때 사용하던 판석과 지역혁파(紙役革罷)와 관련된 문서들도 남아 전하고 있다."
216,남해용문사목조지장보살삼존상,경상남도 남해군 용문사길 166-11,34.7879404,127.9230404,유형문화재,유형문화재 제426호,055-860-8631,"봄, 여름, 가을, 겨울, 자가용/렌트, 친구, 우정女, 우정男, 나홀로",Y,,,"두부가 민머리인 지장보살상은 상반신을 곧게 세워 결가부좌한 모습으로, 전체적으로 양감있고 건장한 모습이다. 신체적 특징은 무릎이 높고 像底前後徑이 넓으므로 불신의 안정감을 더해준다. 상호는 사각형에 가까우며 살집이 있고 턱 부위를 모나지 않게 표현하여 부드러운 느낌을 준다. 이마가 아주 넓은 편이고 눈썹사이에는 백호가 돌출되어 있다. 눈은 옆으로 길고 눈꺼풀이 두꺼운 편이다. 코는 콧날을 완만하게 하고 콧방울을 작게 나타냈으며, 인중은 뚜렷하고 넓게 패여있다. 도톰한 입술은 입술꼬리를 살짝 올려 미소를 띤 모습이며, 귀는 크고 두꺼우며, 귓바퀴가 뚜렷하다. 목은 짧은 편으로 3조의 융기선을 평행하게 처리하여 삼도를 표현하였다. 양손은 제1지와 3지를 맞대고 양 허벅지 위에 각각 두었는데, 왼손은 손바닥을 위로 향하고 있다. 양손의 손톱은 비교적 크며 손마디 조각도 뚜렷하게 처리하였다. 착의법은 상체에는 가슴 아래로 평행하게 보이는 승각기를 먼저 입고, 오른쪽 어깨에 편삼을 걸치고 그 위에 대의를 입었다. 엉덩이까지 길게 늘어진 대의는 목덜미에서 한번 접어서 양쪽 어깨를 덮고 흘러내렸으나, 오른쪽은 어깨부분만 감싼 변형통견식 착의이다. 대의는 양쪽어깨에서 3조의 주름선을 계단식으로 정연하게 표현하였다. 군의는 결가부좌한 양다리 아래로 넓게 드리워져있는데, 가장자리의 조각면이 매우 두껍다. 법의처리는 매우 두꺼우며 옷주름을 굵고 간략한 몇 조의 선으로 표현하였다. 좌협시 도명존자는 오른손에 석장을 쥐고, 우협시 무독귀왕은 합장은 한 채 각각 시립하고 있다. 신체에 비해 머리가 큰 편이며 어깨가 넓어 당당해보이고 온화한 인상이다. 얼굴은 방형이며 얼굴에는 미소를 머금고 있다. 시왕상들은 모두 등받이와 팔걸이, 족좌가 있는 의자에 앉아 정면을 향한 자세이며, 표현기법은 거의 동일하다. 두부에는 무독귀왕상과 같은 원류관 형태의 관을 쓰고 있으며, 손에는 홀(제5·6·7·8·9·10상)을 쥔 경우, 책과 붓(제1·2상)을 들고 있거나 손을 무릎 위에 걸친(제3상) 다양한 모습이다. 얼굴의 세부표현은 도명과 무독상과 거의 같은데, 입꼬리가 올라간 상태에서 백색 치아를 드러내어 익살스럽게 웃는 모습은 매우 해학적이다. 착의법은 역시 상체에는 紅袍를 입었고, 하체에는 청색 혹은 홍색 군의 위에 녹청·백록·청색 등의 요포를 걸쳤으며, 가슴부분에는 군의를 묶은 백색의 띠매듭이 발목까지 길게 드리워져 있다. 또한 가슴 중앙에서 부터 綬를 아래로 길게 늘어뜨리고, 화문을 도드라지게 장식하였는데 이는 따로 제작하여 끼워넣은 것이다. 의자는 각각 조립하여 구성하였고, 족좌를 따로 부착하였다. 등받이 양측에는 용두장식이 있고, 팔걸이의 양측에는 鳳凰頭를 장식하고 있다."
217,남해 용문사 부도군,경상남도 남해군 용문사길 166-11,34.7879404,127.9230404,유형문화재,유형문화재 제425호,055-860-8631,"봄, 여름, 가을, 겨울, 자가용/렌트, 친구, 우정女, 우정男, 나홀로",Y,,,"고승의 사리나 유골을 안치하는 묘탑(妙塔). 용문사 입구에는 총 9기의 부도가 있다. 대석 또는 기단석 1장에 동체 1장을 올려 놓은 석종형 부도가 6기로 동체는 아래로 갈수록 좁아지는 형태를 띠고 있다. 대석 둘레에 복련 단판연화문이 둘러져 있는 것과 동체인 종신의 상단과 하단에 연화문이 돋을새김 된 것도 있다. 상륜은 연꽃 봉오리 모양과 보주형태를 띠고 있다. 대석 또는 자연석 기단, 동체, 옥개석 3장의 돌로 이루어진 2구의 부도는 동체의 중간이 배가 불룩한 원통형 기둥 모양과 중간이 불룩한 6각형의 동체를 가진 것이 있다. 옥개석 역시 가운데가 둥글게 파인 것과 평면 4각형으로, 옥개석 중앙에는 둥근 복발이 얹혀 있고, 복발에는 음각 파문이 새겨져 있는 것으로 구분된다. 땅에 묻힌 자연석 기단, 대석, 동체, 옥개석 등 4장으로 이루어진 1구의 부도는 대석이 팔각형이고 옥개석은 사각지붕 모양으로 특이하다. 옥개석 중앙에는 목을 쭉 빼고 있는 자라가 조각되어 있으며 종신인 동체는 석종형이다."
218,남해 가인리 화석산지,남해군 창선면 가인리 산60-20,34.8863071,128.049297,천연기념물,천연기념물 제499호,055-860-8631,"봄, 여름, 가을, 겨울, 자가용/렌트, 친구, 우정女, 우정男, 나홀로",Y,,,"중생대 백악기 공룡발자국 화석 1,500여 점 분포. 육식공룡(수각류) 발자국 약 57점이 매우 긴 보행렬(최대 52m)을 이루며 전체적으로 약 1,500여 점 이상의 공룡발자국이 발견되고 있는 지역으로 육식공룡 발자국 보행렬이 단일 지역에서 매우 길게 집중적으로 나타나는 특징을 가지고 있다. 또한, 대형과 중형 두 가지 유형의 육식공룡 발자국이 존재하고,초식공룡(용각류, 조각류) 발자국이 육식공룡 발자국과 동시에 발견되고 있다. 인근 남동쪽 해안에는 규화목 및 식물화석, 다른 종류의 생흔화석 다수와 건열, 연흔 등 퇴적구조가 대규모로 산출되고 수평적 퇴적층리가 아주 잘 발달되어 있어 학술적 가치가 큰 화석산지이다. 특히, 2007년에는 세계에서 가장 작은 공룡발자국 화석이 발견 되었다. 길이 1.27㎝, 폭 1.06㎝로 세계기네스북에 등재된 스코틀랜드 스카이섬에서 발견된 길이 1.78㎝, 폭 1.16㎝의 수각류 공룡발자국보다 29%가 작다. 이 공룡은 키가 10㎝ 이하의 부화한 지 얼마되지 않은 공룡으로 추정된다."
219,남해화방사산닥나무자생지,남해군 고현면 화방사길 128-6,34.8645862,127.8629452,천연기념물,천연기념물 제152호,055-860-8631,"봄, 여름, 가을, 겨울, 자가용/렌트, 친구, 우정女, 우정男, 나홀로",Y,,,"조선시대 종이를 만들던 재료로 이용된 귀한 나무. 산닥나무는 일본 및 우리나라 남해, 진도, 강화도에 분포하고 있다. 산과 계곡의 나무 밑에 자라며, 특히 물기가 있는 곳과 비옥한 곳에서 잘 자란다. 나무껍질과 뿌리의 섬유질은 종이의 원료로 사용한다. 우리나라에서는 매우 희귀한 나무로 주로 절 주변에서 많이 발견된다. 이는 조선시대에 종이 만드는 일이 대개 절에서 이루어졌는데, 이를 위해 산닥나무를 일본에서 가져와 절주변에 심었기 때문인 것으로 보인다. 남해 산닥나무 자생지는 화방사(花芳寺) 입구의 왼쪽 언덕과 계곡을 따라 조성되어 있다. 주변에 소나무가 드문드문 있고 상수리나무, 신갈나무 등이 자라고 있는데, 소나무와 잡초 때문에 산닥나무가 점차 줄어들고 있다. 우리나라의 산닥나무는 제한된 지역에 아주 적은 수가 분포하고 있어 매우 희귀한 수종이다. 또한 한지를 만드는 원료로 사용되었다는 점에서 소중한 문화적 자산이다."
220,남해 충렬사,경상남도 남해군 노량로183번길 27,34.9419198,127.875899,사적,사적 제233호,055-860-8631,"봄, 여름, 가을, 겨울, 자가용/렌트, 친구, 우정女, 우정男, 나홀로",Y,,,"순국 후 이순신 장군의 시신이 모셔졌던 곳에 세워진 사당으로 묘비와 가묘가 있다. 남해 충렬사는 임진왜란의 마지막 전투인 노량해전에서 순국한 충무공 이순신의 충의와 넋을 기리기 위해 세워진 사당이다. 통영의 충렬사와 함께‘충렬’이란 현판을 처음부터 같이 사용해 왔으며 인조 때 지어졌다. 충무공이 전사한 후 그의 시신이 한때 이곳에 모셔졌는데 1633년(인조 11) 김여빈, 고승후 등 유림들이 옛터에 초옥 1칸을 짓고 제사를 지냈던 것이 최초의 사당이다. 충무공이 순국한 지 60년이 되던 1658년(효종 9)에 어사 민정중(閔鼎重)이 통제사 정익(鄭木益)에게 명하여 좁고 초라한 옛집을 헐고 새집을 지었다. 그 후 1663년(현종 4)에 통영 충렬사와 함께 임금의 친필로 내려준 현판을 받게 되었다. 이런 사실들을 기록한‘유명조선국삼도수군통제사증시충무이공묘비(有明朝鮮國三道水軍統制使贈諡忠武李公廟碑)’가 사당 곁에 있다. 비문은 1661년(현종 2)에 송시열이 짓고, 송준길이 썼다. 1663년에 박경지, 김시성 등이 세운 것이다. 1643년 이순신 장군에게 충무라는 시호가 내려졌기 때문에 1633년 남해현령 이정건(李廷楗)이 세운 충민공비를 철거하고 1793년 5대손 이명상이 이충무공비를 다시 세웠다. 1726년 노량서원을 개원했으며, 1746년 사당 곁에 호충암(護忠庵)이라는 암자를 짓고 화방사의 승려 10명과 승장 1명이 번갈아 와서 사당을 지켰다고 한다.또한 공이 죽은 후 자운이란 승려가 공을 사모하여 쌀 수백 섬을 싣고 와서 공을 위해서 제사를 지낸 것으로도 유명한데, 자운은 원래 충무공의 밑에 있던 승병이었다. 충렬사는 노량 앞바다를 지키고 있는 수호신의 사당이라 할 수 있다. 1760년 5대손 통제사 이태상(李泰祥)이 청해루를 짓고, 1769년 6대손 이한응(李漢膺)이 비각을 중수하고 사우를 단청하는 등 후손들이 충렬사의 중건에 많은 힘을 쏟았다. 하지만 1871년 대원군의 서원철폐령으로 충렬사는 훼철되었다. 이때 위패는 본당 뒷편에 묻고 제기는 향교로 이관했으며, 토지는 매각했다. 충렬사에는 비각만 남게 되었다. 그 후 1899년 11대손 이민승(李敏承)이 비각을 중수하고 1921년 남해사람인 박진평과 정민주가 비각을 중건하고 이듬해 보존회가 조직되어 본래의 모습을 찾았다. 경내에는 비각·내삼문·외삼문·관리사 청해루 등이 있고 사당 뒤의 정원에는 충무공의 시신을 임시 묻었던 자리에 묘가 남아 있다. 1949년 정인보가 짓고 김충현이 쓴 충렬사 한글비의 비명은“로량바다는 리충무공 전사하신 데라 여긔에 충렬사를 세우니라”라고 되어 있다. 1965년 박정희 대통령의 친필로 내삼문에 충렬사(忠烈祠)와 비각에 보천욕일(補天浴日)이라는 액자를 걸었다."
221,용문사 대웅전,경상남도 남해군 이동면 용문사길 166-11,34.7879404,127.9230404,보물,보물 제1849호,055-860-8631,"봄, 여름, 가을, 겨울, 자가용/렌트, 친구, 우정女, 우정男, 나홀로",Y,,,"다포집으로 공포에 네 마리의 용이 조각된 조선시대의 전형적인 법당 건축을 보여주는 건물. 용문사는 신라시대 원효대사가 금산에 세웠다는 보광사(普光寺)를 후에 이곳에 옮겨 지은 것이라 전하고 있다. 1660년(현종 원년) 남해현의 유림들이 보광사의 입구가 향교와 면대하였다고 이건하라고 하여 백월대사(白月大師)가 용소마을 위쪽에 터를 정하고 용문사를 창건했다. 처음에는 첨성각만이 있었으나, 1661년(현종 2)에 신운화상이 탐진당을, 상법화상이 적묵당을 지었다. 이렇게 절의 규모가 커지자 이곳이 보광사보다 좋은 곳이라 하여 1666년(현종 7) 백월대사가 주재하고 일향화상이 화주가 되어 대웅전을 창건하고 성암화상이 봉서루를 세워 도량을 장엄하고 산 아래 용연(龍淵)이 있어 용문사(龍門寺)라 이름하였다. 지금의 대웅전은 1703년(숙종 29)에 승화스님이 중창하였다. 용문사 대웅전은 정면 3칸·측면 3칸의 규모이며, 지붕 옆면은여덟 팔(八)자 모양의 화려한 다포계 팔작지붕 목조와가이다. 기둥은 대체로 낮고 가운데 부분이 조금 볼록한 배흘림 기둥이다.처마를 받치면서 장식을 겸하는 공포는 기둥 위와 기둥 사이에도 있는 다포식으로, 앞면의 기둥과 기둥 사이에는 2구씩 공포를 배치하였다. 처마 밑에는 절의 이름에 어울리게 네 마리의 용이 조각되어 있는데 앞면에 있는 두 마리의 용머리는 뒷면에 있는 용꼬리와 함께, 모서리에 있는 두 마리의 용머리는 대각선을 가로질러 뒷면의 용꼬리와 합하여 완전체를 이룬다. 대웅전 내부에는 아홉 마리의 용이 조각되어 있다. 대웅전에 용을 조각하는 이유는 물에서 사는 용을 통해 화재를 방지하고자 하는 생각과 함께 용이 이끄는 반야용선(般若龍船)을 타고 영계(靈界)의 바다를 건너 극락정토로 가고자 하는 열망의 표현이기도 했다. 용 외에 공포 부분에는 연꽃무늬 장식을 하였다. 겹처마 건물로 덧서까래[부연]가 길어서 전체적으로 지붕이 위로 휘어져 들려보이며, 네 귀퉁이에 추녀를 받치는 기둥인 활주를 설치하였다. 그리고 앞면을 제외한 세 곳의 외벽에는 선종에서 본성을 찾는 것을 동자가 소를 찾는 것에 비유하여 수행단계를 10단계로 하는 심우도[십우도]가 그려져 있다. 내부의 불단 위에는 화려한 닫집을 달아 장엄하였다. 수미단에는 아미타불을 주불로 관음보살과 대세지보살을 좌우보체로 모신 아미타삼존불과 석가모니불을 중심으로 한 신중들의 후불탱화가 화려하다. 용문사 대웅전은 조선시대의 전형적인 법당 건축을 보여주는 건물이다. 용문사 대웅전 앞뜰에는 괘불대 두 개가 있다. 초파일 등 불자들이 많이 운집하는 날에 사용하는 괘불탱을 걸 수 있는 기둥을 지탱하는 괘불대가 남아 있다는 것은 남해 용문사가 대단히 중요하고 큰 절이었으며, 야단법석(野壇法席)이 자주 열렸음을 증명하고 있다.주변정보"
222,남해 용문사 석불,경상남도 남해군 용문사길 166-11,34.7879404,127.9230404,유형문화재,유형문화재 제 138호,055-860-8631,"봄, 여름, 가을, 겨울, 자가용/렌트, 친구, 우정女, 우정男, 나홀로",Y,,,"용화전에 모셔진 신라말에서 고려 초기 작품. 이 석조보살 좌상은 임진왜란이 종전 된 약 30년 후 용문사 경내 정화불사 때에 마당에서 출토되었다고 전한다. 보관에 영락비천이 착장된 점으로 보아 신라 후기 양식을 반영하고 있는 나말여초(羅末麗初)의 작품이라 하겠다. 자애롭고 온화하면서 존엄성을 갖춘 석조좌상으로 좌고는 82cm, 어깨 넓이 38cm, 무릎 폭66cm이다. 재질은 화강암이다. 이 석보살상은 백회(白灰)를 덧칠하여 원래 모습은 많이 손상되었지만, 사각형에 가까운 상호(相好)는 풍만하며 눈과 입이 작고 코가 큼직하여 다소 형식화(形式化)된 면이 보이지만 원만성도 꽤 잘 표현되었다. 긴 상체에 넓은 무릎 등은 부피감이 풍부한 편이고 탄력적인 특징도 있어서, 보살상의 격이 상당하다는 것을 알 수 있다. 천의(天衣) 두 가닥이 양 어깨를 거쳐 팔을 감으면서 흘러내렸는데, 띠주름 무늬가 단정하면서도 자연스러워 불상의 특징과 조화를 이루고 있다. 왼손은 배에 대었고 오른손은 가슴에 들었는데 손에 연꽃가지를 잡고 있었던 것 같다."
223,남해향교,경상남도 남해군 망운로10번길 51,34.8433502,127.8928316,유형문화재,유형문화재 제 222호,055-860-8631,"봄, 여름, 가을, 겨울, 자가용/렌트, 친구, 키즈, 연인, 우정女, 우정男, 나홀로",Y,,,"성현의 위패를 모신 국가에서 세운 지방교육기관. 향교는 중앙에 오성위, 송조 2현, 동국 18현의 위패를 모시고 제사를 지내며, 지방의 교육을 담당하기 위해 국가에서 세운 교육기관이다. 1450년 하신(河紳)이 남해현령으로 재임할 때 봉강산 포교당터에 건립하여 개교하였다. 임진왜란 때 화재로 소실된 후 1669년(현종 10)에 사당인 대성전을 고쳐 세웠다. 그 후 1892년(고종 29)에 대성전을 비롯한 동·서 양무와 내삼문을 지금의 위치로 옮겼고 1917년 대성전 등 그 밖의 건물들도 모두 옮겨 세웠다. 완만한 경사지에 출입구인 외삼문, 유생들의 거처인 동재와 서재, 공부하는 곳인 명륜당이 비교적 낮은 터에 있고, 그 뒤로 조금 높은 터에 내삼문과 성현에 제사를 지내는 대성전이 위치하여 전형적인 전학후묘(前學後廟)의 배치를 이루고 있다. 건물의 배치는 전형적이나 서재의 남쪽에 담장을 붙여 돌단을 쌓은 것은 다른 향교에서는 볼 수 없는 특이한 점이다."
224,남해 장량상 동정마애비,남해군 남해읍 선소리 169-9,34.8485134,127.9124644,유형문화재,유형문화재 제 27호,055-860-8631,"봄, 여름, 가을, 겨울, 자가용/렌트, 친구, 키즈, 연인, 우정女, 우정男, 나홀로",Y,,,"명나라 장수 장량상이 선소 해안에 남긴 마애비. 선소마을 선착장의 오른쪽 해변에 자리하고 있는 비로, 중국 명나라 장수인 장량상이 동쪽을 정벌하고 바위에 글을 새겼다 하여 장량상동정마애비(張良相東征磨崖碑)라 이름 붙인 것이다. 비의 형태는 커다란 자연석의 윗면을 직사각형으로 평평하게 갈아 글을 새겼다. 직사각형의 테두리 주변에는 당초문인 덩굴무늬를 아름답고 정교하게 조각하였다. 비문은 이여송과 진린이 원군으로 조선의 남해에 와서 왜군을 무찔렀다는 내용으로, 명나라 군인의 우월성을 나타내는 전승기념비적 성격을 띠고 있다. 노량해전 이듬해인 선조 32년(1599)에 이 글을 새겨 놓았다. 명나라 장수의 마애비라는 점에서 귀중한 가치를 지닌다. 명나라이여송과 진린이 왜군을 무찔렀다는 전승 내용이 많이 기록되어 있어 일제강점기 당시 조선총독부가 작성한‘파괴대상 왜구격파 기념비’목록에 이 비가 포함되었다 한다."
225,남행용문사 명부전,경상남도 남해군 용문사길 166-11,34.7879404,127.9230404,문화재자료,문화재자료 제151호,055-860-8631,"봄, 여름, 가을, 겨울, 자가용/렌트, 친구, 우정女, 우정男, 나홀로",Y,,,"지장보살을 주불로 모신 사후세계의 명복을 비는 곳. 명부전은 지장전 또는 시왕전이라고도 한다. 대원력의 상징인 지장보살을 중앙에 모시고 명부의 시왕을 좌우로 모시기 때문에 이렇게 부른다. 구조는 맞배지붕 목조와가로 정면 3칸, 측면 2칸이며, 주심포 건물이다. 지장보살은 석가모니 부처님께서 입적하신 뒤부터 미륵불이 출현할 때까지 천상에서 지옥까지 일체 중생들을 제도하시는 분인데, 특히 지옥 중생을 가엾이 여겨 지옥 문전에서 항상 눈물 흘리면서 중생제도 한다. 이런 까닭에 보살상을 명부전에 모시고 있다. 그래서 명부전은 사후세계의 소원과 망인의 명복을 비는 곳이다. 용문사 명부전은 용문사 재건 시에 세웠다는 전설이 있으나 정확한 연대는 알 수없다. 창건기에는 초창에 설웅이 창건했다고 기록하고 있다. 건물 안쪽에는 지장보살을 중심으로 시왕(十王)을 좌우에 모시고 있다. 지장보살은 모든 인간을 교화시키는 역할을 하고, 시왕은 지옥계의 심판관이다."
226,남해 운곡사,경상남도 남해군 화방로 550-20,34.8737653,127.8422999,문화재자료,문화재자료 제41호,055-860-8631,"봄, 여름, 가을, 겨울, 자가용/렌트, 친구, 우정女, 우정男, 나홀로",Y,,,"후학 양성에 일생을 바친 정희보 선생의 사당. 운곡사(雲谷祠)는 삼남의 거 유 당곡(唐谷) 정희보(鄭希輔)선생을 봉안하고 있는 사우이다. 1488년(성종 19)에 남해군 이동면 초양리에서 출생하였고 명종 2년(1547)에 60세의 일기로 생을 마쳤다. 선생은 18세가 되던 1505년 학문을 배우고자 함양군 수곡리 당곡으로 이거하여 생활하다 나주 박씨 집안에 장가들어 함양에 정착하게 되었다. 당곡 선생은 정주학을 깊이 연구하여 이를 개척한 삼남의 대선각자로 당시 조정에서 출사를 권했으나 이를 거절하고 후학들을 지도하는 데 생애를 바쳤다. 제자로는 옥계 노진, 구졸 양회, 개암 강익, 청련 이후백, 매암 조식, 남계 임희무 등 많은 학자들이 있다. 운곡사는 철종 4년(1853)에 창건되었으나 대원군의 서원, 향사철폐령에 의하여 일시 철거되었다가 고종 11년(1874)에 남해군 유림들에 의하여 다시 중건되었다. 사우의 규모는 330여 평의 대지에 정면 3칸, 측면 2칸의 팔작지붕 목조와가와 내삼문, 외삼문이 있다. 매년 음력 3월 15일에 석채례를 봉행하고 있다."
227,남해망운암석조보살좌상,경상남도 남해군 남서대로2240번길 708,34.8515632,127.8580349,문화재자료,문화재자료 제333호,055-860-8631,"봄, 여름, 가을, 겨울, 자가용/렌트, 친구, 우정男, 나홀로",Y,,,"18세기 이후 경남지역 불상의 특징을 지닌 작품. 남해 망운암 석조보살좌상은 현재 망운사(望雲寺) 관음전(觀音殿) 법당에 도금이 된 양호한 상태로 봉안되어 있다. 망운암은 고려고찰(高麗古刹)로써 여러 차례 중건·중수되어 왔으며, 남해의 진산인 망운산(望雲山) 정상 아래 위치한 관음기도 도량이다. 여기에 봉안된 이 관음좌상은 정확한 기록은 없으나 8.15 해방을 전후한 시기에 망운암에 왕래가 많았던 지역 고로(古老)들의 구전에 따르면, 옛적에 경주 옥돌로 제작된 영험이 높은 부처님이라 전해 왔다는 것이다. 머리에 보관을 쓰고, 양쪽 무릎 위에 두손을 각각 나란히 두었으며, 오른쪽 발은 군의 바깥으로 노출된 반가부좌의 보살상이다. 총 41.2cm 높이의 중소형 불상으로, 대좌를 생략하고는 양호하게 잘남아 있다. 보관의 형태, 방형의 얼굴, 의습처리 등 18세기 이후 경남지역 불상에서 볼 수 있는 보편적인 특징을 지닌 작품이다."
228,남해화방사 채진루,경상남도 남해군 화방사길 128-6,34.8645862,127.8629452,문화재자료,문화재자료 제152호,055-860-8631,"봄, 여름, 가을, 겨울, 자가용/렌트, 친구, 우정女, 우정男, 나홀로",Y,,,"화방에서 최초로 문화재로 지정된 채진루. 화방사는 대곡리 망운산 기슭에 자리잡고 있는 절로 신라 문무왕때 원효대사가 세워 연죽사라 부르던 절이다. 이후, 1636년(인조14) 지금 있는 자리로 옮겨 넓혀 짓고 화방사라 불렀다. 채진루는 일주문을 통해 경내로 들어가다 보면 대웅전과 마주보고 있는 건물로서, 인조 16년(1638) 계원대사가 지었다. 1층 가운데가 비어 있는 것으로 보아 옛날에는 이곳을 통해 대웅전 앞뜰로 진입했을 것으로 보인다. 규모는 2층 누각으로 각층은 정면 5칸, 측면 2칸으로, 지붕은 옆면에서 볼 때 사람 인(人)자 모양인 맞배지붕으로 꾸몄다. 지붕 처마를 받치기 위해 장식하여 만든 공포는 새 날개 모양으로 짠익공 양식으로 조선 후기의 수법을 보이고 있다. 법회, 강학 등에 활용되는 강당으로 이충무공 목판묘비가 이곳에 보관되어 있다."
229,당항 신흥사 삼층석탑,경상남도 남해군 두양로 164,34.7769234,127.8974845,문화재자료,문화재자료 제43호,055-860-8631,"봄, 여름, 가을, 겨울, 자가용/렌트, 우정女, 우정男, 나홀로, 단체",Y,,,"옥개석에 우아한 장식이 되어 있는 고려 석탑. 신흥사(新興寺)의 옛터에 있었던 3층 석탑으로 현재 위치에서 서북방향으로 300m 지점 들판에 있었다. 신흥사는 언제 창건되어 폐사되었는지는 정확히 알 수 없지만 신라의 원효대사가 창건했다는 이야기가 전해지고 있다. 절터에 마을이 들어서면 서 탑을 몇 차례 이동하였는데 1957년 마을 주민들이 마을회관으로 옮겨 놓았다. 옮길 때마다 각 부분의 돌들이 없어지거나 훼손되었다. 현재는 기단부(基壇部)가 모두 없어지고 탑신(塔身)의 1층 몸돌과 1·2·3층 지붕돌, 머리장식인 보개(寶蓋:뚜껑모양의 돌),보륜(寶輪:수레바퀴모양의 돌) 만이 남아 있다. 하층 탑신과 각 층의 옥개석에는 우아한 장식이 조각이 되어 있다. 탑신의 2·3층 몸돌은 후에 보충해 놓은 것이다. 축조의 연대는 형태상으로 보아 고려시대 석탑으로 추정된다."
230,남해 난곡사,경상남도 남해군 난음로219번길 7-14,34.8006191,127.9749079,문화재자료,문화재자료 제237호,055-860-8631,"봄, 여름, 가을, 겨울, 자가용/렌트, 우정女, 우정男, 나홀로",Y,,,"성리학의 체계를 세운 백이정 선생을 모신 사당. 고려시대 상당군이며 성리학을 연구하고 체계화 시킨 이재 백이정 선생과 수제자인 익제 이제현, 치암 박충좌 그리고 향현인 난계 이희급 선생의 위패를 봉안하고 있는 사당이다. 난곡사(蘭谷祠)는 난계 이희급 선생을 봉안하고 있던 난계사 군자정을 1925년에 중건하여 난곡사라 칭하고 매년 음력 3월 10일에 향토 유림에 의해 제례를 봉행하고 있다. 본당인 난곡사는 정면 3칸, 측면 2칸 규모이며, 지붕은 옆에서 볼 때 여덟 팔(八)자 모양인 팔작지붕을 하고 있으며, 내부 정면에 선생의 위패를 모시고 있다. 이 외에 근래에 세운 외삼문과 경내의 도동재 및 내삼문이 있다. 우리나라에 처음으로 성리학을 들여온 사람은 안향이지만 성리학을 본격적으로 연구하고 체계를 세운 사람은 백이정이라 할 수 있다. 현재에 남포의 신안원(新安院), 충주의 도통사, 남해의 난곡사에서 향사되고 있다. 시호는 문헌이다."
231,남해 정지석탑,경상남도 남해군 탑동로 64-21,34.8972395,127.8727822,문화재자료,문화재자료 제42호,055-860-8631,"봄, 여름, 가을, 겨울, 자가용/렌트, 친구, 우정女, 우정男, 나홀로",Y,,,"정지 장군의 관음포대첩을 기념하기 위한 탑. 구전에 의하면 정지(鄭地) 장군이 관음포에서 왜구를 격파하여 전쟁에 승리한 것을 기념하기 위해 만든 탑으로, 남해지역 주민들이 손수 돌을 깎고 다듬은 것이라고 한다. 기단부가 결실된 채 큰 자연석을 받침 삼아 그 위에 탑신(塔身)을 올렸다. 탑신은 사각형 4개, 조그만 원형 1개의 몸돌과 지붕돌 5개로 번갈아 층층히 쌓아 올렸다. 옥개석은 옥개받침이 어설픈 형태이고 낙수면(落水面)의 각도 매우 완만하나 전각부에 있어서는 비교적 날렵하게 반전되어 있다. 이들 옥개석은 다층탑의 것으로 추정할 수 있다. 탑신 중 1매는 조선시대에 유행하는 탑신과 하부 받침이 함께 모각된 것으로 보인다. 이러한 내용들을 종합하여 탑의 전체가 원래의 원형을 지니고 있다고 볼 수 없지만, 구전과 읍지편에 기록된 것으로 보아 석탑이 있었다는 것은 사실이다. 탑의 규모는 높이가 2.25m로 탑신은 4개로 하단부 1,2단은 정사각형인 마제석으로 되어 있다."
232,"남해금산영응기적비, 대한중흥공덕축성비",경상남도 남해군 보리암로 691,34.7520569,127.9824918,문화재자료,문화재자료 제277호,055-860-8631,"봄, 여름, 가을, 겨울, 자가용/렌트, 친구, 우정女, 우정男, 나홀로",Y,,,"이성계가 금산 산신의 영험으로 보위에 올랐다. 태조 이성계가 이곳에서 백일기도를 하던 중 산신의 영험에 의하여 보위에 올랐다는 전설이 깃든 유적이다. 위치는 보리암 탑대에서 바로 건너 보이는 삼불암 아래에 있다. 이 비석은 광무 7년(1903) 5월 11일에 그 유적을 기념하기 위하여 종일품 숭정대부 의정부 찬정 윤정구(尹定求)가 임금의 뜻을 받들어 글을 짓고 건립하였다. 두 개의 비석은 선은전 내에 나란히 세워져 있는데, 비석의 전면에 각각‘南海錦山靈應紀蹟碑’‘大韓中興頌德祝聖碑’라고 새겨져 있다. 비문의 찬자인 윤정구는 조선 말기의 문신으로 고종12년(1875) 별시에 급제하여 이후 관로에 올라 여러 벼슬을 두루 거쳤던 인물이다. 그는 김윤식(金允植) 등이 을미사변에 관련 되었으므로 극형에 처하여야 한다고 상소하기도 하였고, 명성황후의 장례 때에는 궁내부협판으로 대신서리가 되어 장례를 총지휘 하였다. 광무 연간에는 고종의 측근으로 궁내부 소속의 여러아문의 장관을 역임하며 주로 왕실 사무를 관장하였다."
233,남해 척화비,경상남도 남해군 노량로183번길 27,34.9419198,127.875899,문화재자료,문화재자료 제266호,055-860-8631,"봄, 여름, 가을, 겨울, 자가용/렌트, 친구, 우정女, 우정男, 나홀로, 단체",Y,,,"외세를 배격한 흥선대원군의 쇄국정책 상징물. 척화비란 병인양요와 신미양요를 승리로 이끈 흥선대원군이 서양사람들을 배척하고 그들의 침략을 국민에게 경고하기 위해 서울 및 전국 각지에 세운 비다. 낮은 사각받침돌 위에 비몸을 세우고, 맨 위에 지붕돌을 올려놓아 다른 척화비와는 다른 모습이다. 내용은“洋夷侵犯 非戰則和 主和賣國 戒吾萬年子孫 丙寅作辛未立(양이침범 비전즉화 주화매국 계오 만년자손 병인작 신미입)”풀이하면“서양 오랑캐가 침략하는데 싸우지 않으면 화해하자는 것이고 화해하자는 것은 곧 나라를 파는 것이 된다”라고 큰 글로 쓰고“만년에 훈계하노라 병인년에 만들고 신미년에 세운다”라고 작은 글씨로 좌측에 새겨져 있다. 척화비를 일제히 세우던 1871년(고종8) 4월에 함께 세운 것으로, 대원군이 러시아 공사관으로 납치된 후 세계 각국과의 교류가 이루어지면서 대부분의 비들이 철거되었으나, 이 비처럼 몇 기의 비들이 여전히 남아 그속에 담긴 역사적인 의미를 말해 주고 있다. 처음 입석되었던 곳은 노량 선착장 입구였으나 일제강점기 때 무관심 속에 묻혀 있던 것을 향인이 설천중학교 입구에 이전 보전하였다. 1998년 8월에 남해군과 남해문화원에서 옛 자리와 가까운 마을 안으로 옮겼다가 남해 충렬사 성역화 사업이 마무리되면서 다시 현 위치에 이설하였다."
234,남해 망운암 건륭을사명 동종,경상남도 남해군 남서대로2240번길 708,34.8515632,127.8580349,문화재자료,문화재자료 제334호,055-860-8631,"봄, 여름, 가을, 겨울, 자가용/렌트, 친구, 우정女, 우정男, 나홀로, 단체",Y,,,"1785년 남해 화방사에서 제작된 동종. 이 동종은 옛부터 망운암에서 조석으로 타종해 온 것으로 전하며, 고봉절정 암자에서 들려오는 이 종소리에 옛날 어느 고승께서 「운암모종(雲庵暮鐘)」이라는 시를 읊었다고 한다. 총 높이 52cm 정도의 동제범종으로 천판과 종신 표면이 일부 매끄럽지 못하고 다듬은 흔적이 역력하나, 파손된 부분은 보수가 되어 본래의 형태를 잘 유지하고 있다. 제작시기는 종의 비례와 용뉴, 범자원권문(梵字圓圈文) 배치 등으로 보아 중국 범종의 영향을 받은 조선후기 작품으로 보이나, 다행히 종신 하단에 점자 명문을 통해 건륭오십년을사(乾隆伍拾年乙巳)년, 즉 1785년에 남해 화방사(花芳寺)에서 제작된 종임을 알 수 있고, 조선시대 범종 연구에 학문적 가치가 있다."
235,남해 용문사 천왕각,경상남도 남해군 용문사길 166-11,34.7879404,127.9230404,문화재자료,문화재자료 제150호,055-860-8631,"봄, 여름, 가을, 겨울, 자가용/렌트, 친구, 우정女, 우정男, 나홀로, 단체",Y,,,"부처님의 도량을 지키는 사천왕을 모신 전각. 용문사는 조선 중기에 탐진당과 적묵당을 지었는데, 이곳 자리가 좋다 하여 금산의 보광사 대웅전 등을 지금 있는 자리로 옮기고 절의 이름도 용문사라 하였다. 절의 입구에 있는 천왕각은 조선 숙종 28년(1702)에 지었다. 정면 3칸, 측면 2칸 규모이며, 지붕은 옆면에서 볼 때 사람 인(人)자 모양인 맞배지붕이다. 안쪽에는 사천왕을 모시고 있는데, 다른 절의 경우 마귀를 밟고 있는 형상이지만 이곳의 사천왕은 부정한 양반이나 관리를 밟고 있다. 동쪽은 지국천왕, 남쪽은 증장천왕, 서쪽은 광목천왕, 북쪽은 다문천왕이 비파, 칼, 용, 창 등을 들고 절을 드나드는 사람들을 보호하고 잡귀가 들어오는 것을 막는 문지기 구실을 한다."
236,남해 가천 암수바위,경상남도 남해군 남면 남면로679번길 21,34.7275092,127.8940077,민속자료,민속자료 제13호,055-860-8631,"봄, 여름, 가을, 겨울, 자가용/렌트, 친구, 우정女, 우정男, 나홀로, 단체",Y,,,"기자신앙의 소산물로 마을의 수호신 역할. 해안에서 북쪽으로 100m 거리에 자리한 가천마을에는 가장 아래쪽 밭 모서리에 한 쌍의 암수바위가 5m 간격으로 서 있다. 이곳에서는 미륵불이라 하여 각각 암미륵, 숫미륵이라 부르기도 한다. 암미륵은 높이 3.9m, 둘레길이 2.3m의 크기로, 여인이 잉태하여 만삭이 된 모습을 한 채 비스듬히 누워 있고, 숫미륵은 높이5.8m, 둘레길이 2.5m 크기로, 남성의 성기 형상으로 서 있다. 아이를 갖지 못한 여인들이 숫미륵 밑에서 기도를 드리면 득남한다고 한다. 1751년(영조 27) 남해현령 조광진의 꿈에 나타난 노인의 계시에 의해 이 바위를 발견하였다고 전한다. 매년 음력 10월 23일 마을의 태평과 농사의 풍요를 비는 동제를 지내고 있는데, 처음 잡은 고기를 바위에 걸어 놓으면 고기도 많이 잡히고 사고도 방지된다고 한다. 자식을 많이 갖는 것과 농사의 풍요로움을 빌던 대상이 마을 전체의 수호신으로 바뀌고, 다시 불교의 미륵불로 이어진 민간신앙의 한 예를 보여준다."
237,남해장성,경상남도 남해군 이동면 신전리 115외 12필지,34.7732903,127.9585064,기념물,기념물 제154호,055-860-8631,"봄, 여름, 가을, 겨울, 자가용/렌트, 친구, 우정女, 우정男, 나홀로",Y,,,"금산 임야 속에 숨겨진 남해군 내 최장의 성. 남해장성은 길이가 15km(이동면 화계-삼동면 대지포)이고 높이1~2m, 폭1.5m~2m이며 자연석(30~50cm)으로 겹겹이 정교하게 쌓아 올려 축성하였다. 고려 말이나 조선 초기에 축성된 것으로 보여지며 현재는 거의 훼손되었지만 임야 속에 있는 8.7km정도의 성지는 잔존하고 일부는 원형을 유지하고 있다. 축성된 지형적 형태는 성고개성(성현)과 곡포성, 고진성, 평산성과 연계되어 있고 수장포와 대지포간의 직선형 성곽이 형성되어 있어 외곽 방위를 위한 성으로 보이며 왜구 방비를 위한 군사적 목적이 있었다. 이동면 난곡사 뒤편에 세워진 관방성에 관한 비문에는“남해는 동서로 양분해서 적을 막는 곳이 있는데, 난포에서 유천까지 돌로 일자 성을 쌓은 처음과 끝이 해변에까지 이르렀고…성의 북쪽에 병사성이 있었고 그 허리 중간 최고 처에 성현보가 있으며 보 남쪽에 연기를 피워 올려 보고하고 경계하는 곳이 있었고…한쪽은 대지포 해변으로 들어가고 한곳은 수장포 해변으로 들어갔는데 그러한 성이 남해에 있다…”라고 기록되어 있다."
238,남해당항리느티나무,경상남도 남해군 남면 당항리 1503-4외 3필,34.7735329,127.8863995,기념물,기념물 제 199호,055-860-8631,"봄, 여름, 가을, 겨울, 자가용/렌트, 친구, 우정女, 우정男, 나홀로, 단체",Y,,,"마을의 터줏대감으로 자리잡은 500년 이상 된 거목. 느티나무는 우리나라를 비롯하여 일본, 대만, 중국 등의 따뜻한 지방에 분포하고 있다. 가지가 사방으로 퍼져 자라서 둥근 형태로 보인다. 꽃은 5월에 피고 열매는 원반모양으로 10월에 익는다. 줄기가 굵고 수명이 길어서 쉼터 역할을 하는 정자나무로 이용되거나 마을을 보호하고 지켜주는 당산나무로 보호를 받아왔다. 마을 앞 들판 가운데에서 자라고 있는 당항리 느티나무의 나이는 500년 정도로 추정되며 높이 19m, 둘레 6m이다. 오랜 세월동안 이 마을의 모임 장소와 휴식처로 사용되고 있으며, 마을의 무사태평과 풍년을 기원하는 당산제를 지내고 있다. 남해 당항리 느티나무는 희로애락의 숱한 세월을 지나 지금까지 버티고 서 있는 터줏대감 같은 나무로 문화적 가치가 커서 기념물로 지정되었다."
239,남해다정리지석묘,경상남도 남해군 이동면 다정리 911-5,34.8157879,127.9235501,기념물,기념물 제62호,055-860-8631,"봄, 여름, 가을, 겨울, 자가용/렌트, 친구, 우정女, 우정男, 나홀로, 단체",Y,,,"청동기시대 대표적 무덤으로 남해에 108기 발견. 지석묘는 청동기시대의 대표적인 무덤으로 고인돌이라고도 부르며, 주로 경제력이 있거나 정치권력을 가진 지배층의 무덤으로 알려져 있다. 우리나라의 고인돌은 4개의 받침돌을 세워서 돌방을 만들고 그위에 거대하고 평평한 덮개돌을 올려놓은 탁자식과, 땅 속에 돌방을 만들고 작은 받침돌을 세운 뒤 뚜껑돌을 덮고 그 위에 거대한 덮개돌을 올린 바둑판식으로 구분된다.들판의 논둑을 따라 대체로 3∼4m씩 사이를 두고 11기의 고인돌이 있다. 형태상 모두 바둑판식으로 덮개돌의 크기는 길이3m, 너비 2m이다. 땅 속에 마련된 하부구조는 정확히 알 수 없으나 상자 모양의 석관일 것으로 추정된다. 이 유적 주변에서 청동기시대의 민무늬토기 조각들이 발견되었다. 이들 고인돌 외에 남해군에는 남면 일원, 평현리, 심천리 등 각지에 고인돌들이 폭넓게 분포되어 있는데, 이 지역 청동기시대의 문화를 연구하는 데 중요한 자료로 평가된다."
240,남해금산봉수대,경상남도 남해군 보리암로 691,34.7520569,127.9824918,기념물,기념물 제87호,055-860-8631,"봄, 여름, 가을, 겨울, 자가용/렌트, 친구, 연인, 우정女, 우정男, 나홀로",Y,,,"횃불과 연기를 사용한 조선시대 이전의 통신수단. 봉수대는 횃불과 연기를 이용하여 급한 소식을 전하던 고대의 통신수단을 말한다. 높은 산에 올라가서 불을 피워 낮에는 연기로 밤에는 불빛으로 신호를 보냈다. 경상남도 남해군 상주면 남해 금산 봉수대는 해발 705m인 금산정상에 자리잡고 있으며, 고려 명종 때 설치된 것이라고 전한다. 비교적 원래의 모습이 잘 보존되어 있는데 둘레는 26m의 둥근형태이며, 높이는 4.5m이다. 당시 전국의 봉수 경로 5개 가운데 동래에서 서울에 이르는 경로에 속한 최남단에 자리잡고 있어 출발지로서 중요한 역할을 하였다. 동쪽으로는 창선면 대방리 봉수대를 거쳐 진주로 연결되었으며, 서쪽으로는 남면 봉수대를 거쳐 순천 돌산도로 연결되었고, 북쪽으로는 이동면 원산봉수대로 연락을 하였다. 봉수대는 오장(伍將) 2명과 봉군 10여 명이 교대로 지켰다."
241,남해상주리석각,경상남도 남해군 상주면 양아리 산4-3,34.7514586,127.9668402,기념물,기념물 제6호,055-860-8631,"봄, 여름, 가을, 겨울, 자가용/렌트, 친구, 우정女, 우정男, 나홀로",Y,,,금산 부소암의 평평한 바위 위에 새긴 그림문자이다. 일명 ‘서불과차(徐市過此)’라고 불리는데 지금까지 해독을 하지 못하여 내용은 알 수 없다. 전해오는 이야기로는 중국 진시황 때 삼심산 불로초를 구하기 위해 시종 서불이 이곳 금산을 찾아와서 사냥을 즐기다 떠나면서 자신들의 발자취를 후세에 남기기 위해 새긴 것이라고도 한다.
242,남해설흘산봉수대,남해군 남면 홍현리 산237-1,34.7342209,127.8993827,기념물,기념물 제247호,055-860-8631,"봄, 여름, 가을, 겨울, 자가용/렌트, 친구, 우정女, 우정男, 나홀로",Y,,,"동벽이 온전해 조선시대 봉수대의 구조 파악 가능. 설흘산(雪屹山) 봉수대는 남해군 남면의 남단 해안가에 위치한 설흘산(해발 490m)의 정상에 축조되어 있다. 자연 암반을 기반으로 하여 석축한 것으로, 평면 형태는 원형이나 일부분은 각이 져 있다. 동쪽 부분은 비교적 완전하게 남아 있으나 서벽은 붕괴가 심한 편이다. 무너진 부분은 후대에 일부 개축되어 전체적인 구조는 정확하게 파악하기 어렵다. 그러나 동벽의 상태가 양호하므로 조선시대 봉수대의 구조를 비교적 자세하게 파악할 수 있다고 판단된다. 이 봉수대는 동쪽에 위치한 남해 금산 봉수를 받아 내륙의 망운산, 혹은 순천 돌산도 봉수와 연결되는 것으로 보인다.『신증 동국여지승람』에는‘소흘산(所訖山) 봉수’라는 기록으로 남아 있으나 지금은 설흘산으로 불려지고 있다. 석축의 상태가 양호한 것이 특징이다."
243,남해대방산봉수대,남해군 창선면 옥천리 산75,34.858803,127.9856408,기념물,기념물 제248호,055-860-8631,"봄, 여름, 가을, 겨울, 자가용/렌트, 친구, 우정女, 우정男, 나홀로",Y,,,"남해 금산 봉수대와 진주 각산 봉수대의 중계지. 창선면 대방산(臺芳山) 정상부에 있다. 봉수대로 오르는 길은 옥천에서 오르는 동쪽로, 사포에서 오르는 서쪽로와 상신리에서 오르는 북쪽로가 있다. 금산 봉수대에서 받아 사천의 각산 봉수대로 이어주는 중계지이다. 이 봉수대의 조응관계를 진주목장 창선도 지도에는 남해 금산봉수와 진주 각산봉수에 두고 있다. 대방산 봉수대의 높이 8.6m, 둘레 13.6m이다. 문헌기록으로 보면 1455년에서 1468년 사이에 축조된 것으로 보인다. 1895년(고종 32) 윤 5월 9일 각 처의 봉수대와 봉수군(烽燧軍)을 군부의 주청에 따라 없애라는 조선왕조실록의 기록에 따르면 대방산 봉수대 역시 이 때 없어진 것이 확실하다."
244,남해 임진성,남해군 남면 상가리 산291,34.7792458,127.8661239,기념물,기념물 제20호,055-860-8631,"봄, 여름, 가을, 겨울, 자가용/렌트, 친구, 우정女, 우정男, 나홀로",Y,,,"임진왜란 때 쌓았다는 민보성 하지만 고려시대 성 임진성은 민보성(民堡城)이라 부르기도 하는데, 임진왜란 때 왜적을 막기 위하여 민, 관, 군이 힘을 합쳐 쌓았다 하여 붙여진 이름이다. 하지만 축성방식을 보면 고려시대의 것으로 보인다. 형태는 테뫼식으로 사암·화강암·안산암 등 활석으로 장방형 쌓기로 구축하고 틈새는 잔돌을 끼워 마감하였는데 남면 상가리 291번지 80m지점인 옥포 인접 구릉에 타원형 성곽으로 성곽내 토루를 만들어 통로를 만들었다. 옛날에는 성루, 감시사, 망대, 탑대, 서당이 있었다고 하나 현재 시설물은 없고 성곽의 둘레 286m, 높이 1~6m인 성곽과 동문터, 서문터, 우물터만 남아있다. 성벽의 바깥으로는 해자 흔적이 있다. 조선 초기에는 왜구의 침입이 예상되어 관리를 파견하여 지켰던 곳이었으나, 16세기 중엽 이후부터는 주민들이 유사시에 피난하는 곳으로 이용되었다. 현존하는 성벽의 남쪽 동문터와 서문터 사이 173m는 최근보수 공사를 거쳤다. 2014년에는 성 내부에 대한 발굴조사를 통해 통일신라시대에 해당하는 연지·건물지 등이 확인되었다."
245,남해 대국산성,남해군 설천면 진목리 184,34.8939525,127.9188497,기념물,기념물 제19호,055-860-8631,"봄, 여름, 가을, 자가용/렌트, 친구, 우정女, 우정男, 나홀로",Y,,,"통일신라시대 축성된 것으로 추정되는 고성(古城). 대국산성(大菊山城)의 둘레는 1.5㎞, 성벽의 높이는 5∼6m이고 윗부분의 폭은 2.4m인데, 성벽의 바깥쪽은 깬돌을 이용하여 겹으로 쌓아 올리고, 안쪽은 자갈과 흙을 섞어서 채워 성벽을 다졌다. 성벽의 둘레에는 네모꼴의 망대(적의 동정을 살피기 위하여세운 높은 대)가 있었던 흔적이 있다. 성 안의 중앙에는 건물터와 연못터가 있으며, 천씨(千氏) 성을 가진 장군과 일곱 선녀 사이에 얽힌 전설이 있는 제사터가 있다. 성의 동남쪽과 북쪽에 성문이 있었던 듯한데, 이중 동남쪽의 문이 정문으로 추측된다.『동국여지승람』에 고현산성은‘현의 북쪽17리 지점에 있으며, 석축으로 둘레는 1,740척(527m)이고 높이는 10척(3m)이다’는 기록이 있는데, 고현산성이 바로 대국산성으로 여겨진다. 통일신라시대에 축성된 것으로 추정되는 대국산 성은 부근에 있던 옛 남해현을 지키던 읍성으로 추측된다. 성안에서 여러 종류의 토기조각과 기와조각 등이 발견되었으며, 성의 보존 상태가 매우 좋아 학술상으로도 중요한 자료가 되고 있다."
246,남해죽전비자나무,남해군 남면 두양로312번길 48-6 외 4필,34.7769211,127.8848543,기념물,기념물 제200호,055-860-8631,"봄, 여름, 가을, 겨울, 자가용/렌트, 친구, 우정女, 나홀로",Y,,,"남해에 있는 나무 중 가장 나이가 많은 군목(郡木). 비자나무는 우리나라의 내장산 이남과 일본에서 자란다. 나무의 모양이 아름다워 관상용으로 많이 이용되며, 열매는 구충제 및 변비 치료제나 기름을 짜는 데 쓰인다. 남면 죽전마을의 마을 안길과 샘 사이에 있는 죽전의 비자나무는 나이가 600년이 넘어 남해의 나무 중 가장 나이 많은 나무로 알려져 있다. 1970년도 새마을사업으로 마을 안길을 내면서 뿌리와 가지가 잘렸다. 길 밑에는 샘이 하나 있는데, 도로와 샘 사이의 흙 축담 옆에 뿌리가 지표 밖으로 솟아 나왔으며 웅장한 모습이다. 나무 그늘 밑의 계곡은 휴식처이며 이 마을의 모임 장소로 활용되고 있다. 죽전마을은 임진왜란 후 청주 한씨가 이주하여 살기 시작하면서 농경으로 자급자족하는 터전을 마련한 마을이다. 남해 죽전 비자나무는 남해군에서 가장 오래 된 비자나무로서 기념물로 지정하여 보호·보존하고 있다."
247,전백이정의묘,남해군 남면 평산리 54외1필지,34.7733629,127.8696513,기념물,기념물 제155호,055-860-8631,"봄, 여름, 가을, 겨울, 자가용/렌트, 친구, 우정女, 우정男, 나홀로",Y,,,"주정학을 정리한 독특한 형태의 남해 유일의 묘지. 고려 후기 유학자인 이재(彛齋) 백이정((白頤正1247∼1323) 선생의 묘소이다. 고려 충렬왕 1년(1275)에 문과에 급제하여 충선왕 때 첨의평리로 상의회의도감사를 겸하였고 뒤에 상당군에 봉해졌다. 충렬왕 24년(1298)에 충선왕을 따라 원나라 연경에 가서 10년 동안 성리학을 연구하고 돌아왔다. 그의 문인으로는 이제현, 박충좌, 이곡, 이인복, 백문보 등이 있다. 우리나라에 처음으로 성리학을 들여온 사람은 안향이지만, 성리학을 본격적으로 연구하고 체계를 확립한 사람은 백이정이라 할 수 있다. 남해군 남면 평산리 망기산의 우지막골은 수백 년간‘백정승의 묘’라고 전해 내려오는 곳이다. 봉분 주위에는 평평한 긴 바위로 담장이 둘러져 있고 바닥에는 자연석을 깔았다. 묘지 주위에는 소나무가 우거져 있고 산사태를 방지하기 위해 계단식으로 쌓은 석축이 있다. 봉분을 쌓아 올린 돌이나 주변 담장을 쌓은 수법이 고려시대의 성곽 축조법과 비슷해 그 시대의 기법을 파악하는데 중요한 자료가 되고 있다."
248,남해선구줄끗기,남해군 남면 선구마을,34.7715408,127.8866426,무형문화재,무형문화재 제 26호,055-860-8631,"봄, 여름, 가을, 겨울, 자가용/렌트, 친구, 우정女, 우정男, 나홀로",N,,,"남해군의 유일한 무형문화재로 현재까지 전승. 음력 정월 대보름날에 아랫마을을 남편으로 윗마을을 북편으로 나누어 시작되는 줄끗기는 세시풍속이며 민속놀이이다. 선구 줄끗기는 당산제-어불림-필승고축-고싸움-줄끗기-달집태우기 순서로 진행된다. 선구줄끗기에 사용하는 줄은 1개의 고에 문어발처럼 된 네 가닥의 작을 줄을 매달아 만든다. 줄끗기 전에 고싸움을 하여 그 결과에 따라 이기는 편이 숫고가 된다. 숫고가 되면 줄끗기 승부에서 이길 확률이 많기 때문에 숫고가 되기 위하여 힘을 다하여 싸운다. 암고, 숫고가 결정되면 2개의 고를 빗장으로 연결하여 줄끗기를 시작한다. 줄끗기에서 암고가 이기면 풍농, 풍어가 된다고 믿고 있다. 선구줄끗기는 제25회 경남도 민속예술경연대회(1993. 10. 13.)에서 최우수상을 수상했고, 1994년에는 전국 민속경연대회에 경상남도 대표로 출연하기도 했다."
249,남해 용문사 촌은집책판,경상남도 남해군 용문사길 166-11,34.7879404,127.9230404,유형문화재,유형문화재 제 172호,055-860-8631,"봄, 여름, 가을, 겨울, 자가용/렌트, 친구, 우정女, 우정男, 나홀로",Y,,,"조선 중기 시인인 촌은 유희경의 작품집 책판. 이 책판은 조선 인조 때의 학자 유희경(劉希慶, 1545∼1636)의 시집인『촌은집』을 간행하기 위하여 만든 판목이다. 유희경은 조선 전기의 시인으로, 남언경(南彦經)의 문인이었다. 특히 상례에 밝아 국상은 물론 평민의 장례까지 그에게 문의해 왔다. 또한 1592년(선조 25) 임진왜란이 일어나자 의병을 모아 관군을 돕기도 하였다. 『촌은집』은 그의 시문집으로 시(詩), 창(唱), 전기(傳記)와 한문학의 문체 가운데 하나인 묘표(墓表), 묘지명 등을 수록하였으며, 3권 2책으로 판각된 책판 수량은 52매이다. 유희경의 손자인 유자욱이 편집, 정리하고 김창협이 서문을 붙였으며, 유희경이 증손자 유태웅이 남해 용문사에서 다시금 발간한 책판이다. 이것은 거의 300년 세월이 지남에 따라 일부는 썩고 마멸되었다. 조선시대 상례의 자료인 만큼 그 점이 특히 문화재로서의 아쉬움이 남는 것이라 하겠다."
250,남해 보리암전 삼층석탑,경상남도 남해군 보리암로 665,34.7523634,127.9829942,유형문화재,유형문화재 제 74호,055-860-8631,"봄, 여름, 가을, 겨울, 자가용/렌트, 친구, 우정女, 우정男, 나홀로",Y,,,"기단석에 나침반을 놓으면 자기난리가 일어나는 석탑으로 신라와 고려시대 조성설이 있다. 김수로왕비 허황옥이 인도에서 올 때 풍파를 만나 건너오지 못하던 중 파사석을 싣고 무사히 건너왔다고 하며 이 석재를 원효대사가 보리암 앞에 세웠다고 구전된고 있다. 석탑의 재질은 화강암으로 상륜부 이상은 결실되어 복원되어 있다. 석탑은 하대석에서 3층 옥개석까지 높이가 1.8m이며, 하대석 한 변의 길이는 1.2m이다. 하대면에는 우주(隅柱)의 모각 없이 1면 2조로 안상이 음각되어 있다. 하대석의 전체 높이는 29cm이고 하대면 석부의 높이는 17cm이다. 상대 면석은 1매의 석재로 구성되어 있으며 2개의 우주(遇柱)가 각출되어 있다. 탑신석은 모두 1매의 판석으로 되어 있으며 제1탑신은 제2·3탑신석 보다 높이의 비가 커 전체적으로 세장(細長)한 탑을 이루고 있다. 두꺼운 지붕돌과 3단의 지붕 돌받침 등으로 보아 고려시대의 탑으로 추정하기도 한다. 기단석 위에 나침반을 놓으면 자기난리가 일어나는 일에 대하여 사람들은 불가사의한 일로 여긴다."
251,남해금산,경상남도 남해군 남해대로 918-13,34.7396524,127.984078,명승,명승 제 39호,055-860-8631,"봄, 여름, 가을, 겨울, 자가용/렌트, 친구, 우정女, 우정男, 나홀로",Y,,,"조선 태조 이성계의 건국설화가 담겨져 있고 38경의 비경으로 소금강산으로 불리는 명산. 남해 금은 지리산맥이 남쪽으로 뻗어내려 형성된 산으로 옛이름은 보광산이었다. 원효대사는 이곳에 보광사라는 사찰을 창건했다. 고려 말 이성계는 보광사 보리암 아래에서 백일기도를 드린후 조선을 건국하고 왕위에 등극하게 되자 은혜를 갚기 위해 보광산의 이름을 금산(錦山)으로 바꾸었다고 한다. 영원히 비단으로 둘러싸여 있기를 바라는 뜻에서 비단 금(錦)자를 산 이름에 넣었다는 것이다. 영남에서는 지리산, 가야산과 자웅을 겨루고 중국의 남악(南嶽)에 비견되기도 했다. 또한 바다 속의 신비한 명산이라 하여 소금강산 혹은 작은 봉래산(蓬萊山)이라고 부르기도 했다. 금산이 소금강산이라는 이름을 얻을 만큼 명산으로 칭송을 받게 된 것은 섬 속에 우뚝 솟은 기암괴석으로 이루어진 산으로 금강산을 닮았기 때문이다. 여행객에게 속세를 떠난 신비감을 주는 해발 705m의 금산은 한려해상국립공원 중에서 유일한 산악공원으로 쌍홍문을 비롯한 38경이 유명하다. 화강암으로 이루어진 산임에도 불구하고 토산(土山)의 성격이 강해 남해안에서 가장 큰 규모의 낙엽수가 군락을 이루고 있다. 가을이면 마치 오색 자수판을 보는 듯하며 대규모의 낙엽수림이 화강암의 기암괴석과 어우러져 뛰어난 자연경관을 자아낸다. 신라 고승인 원효대사, 의상대사, 윤필거사 등이 이 곳에서 수도를 하였다고 전해진다. 중국 진시황의 방사 서불이 불로초를 구하기 위해 이곳을 왔다 갔다는 이야기가 담긴 서불과 차와 춘·추분 때만 볼 수 있다는 노인성(인간의 수명을 관장한다는 별, 老人星 또는 壽星)과 관련된 신비스런 전설이 많은 곳이다. 한 가지 소원은 반드시 들어 준다는 전국 3대 관음기도도량인 보리암이 위치하는 등 상징적인 의미가 많은 명승지이다."
252,남해가천마을 다랑이논,경상남도 남해군 남면로 674,34.7289876,127.8939075,명승,명승 제 15호,055-860-8631,"봄, 여름, 가을, 겨울, 자가용/렌트, 친구, 키즈, 연인, 우정女, 우정男, 나홀로, 단체",Y,,,"산비탈을 깎아 좁고 긴 계단식 논을 만들었던 선조들의 억척 같은 삶이 바다로 향하는 곳. 다랑이논은 산간지역에서 벼농사를 짓기 위해 산비탈을 깎아 만든 인간의 삶과 자연이 조화를 이루어 형성되었다. 가천마을 다랑이 논은 바다에서 설흘산과 응봉산 정상을 향한 급경사지에 곡선형태의 좁고 길게 조성된 100여 층의 계단식 논이다. 배후의 높은 산과 넓게 트인 바다가 조화를 이루어 빼어난 농촌문화경관을 형성하고 있어 경관적·예술적 가치가 뛰어나다. 가천마을의 유래에 대한 자세한 자료는 없으나 대대로 마을에서 살아온 김해 김씨, 함안 조씨 가(家)에 전해오는 자료로 미루어 볼 때 신라 신문왕 당시부터 주민이 거주했을 것으로 추정 되어지고 있다. 미륵과 육조문에 대한 전설에 의하면 고려시대 이전에 마을이 형성되었고, 400여 년 전에 일어난 임진왜란 때 사용된 것으로 추정되는 설흘산 봉수대(烽燧臺)는 이미 그 전부터 가천마을에 사람들이 집단으로 거주했다는 사실을 증명하고 있다. 마을의 옛 이름은 간천(間川)이었으나 조선 중엽에 이르러 가천(加川)이라고 고쳐 현재에 이르고 있다. 어느 날 농사꾼이 하루 종일 논에서 일을 하다가 해가 저물어 집으로 돌아가기 전에 자기의 논을 헤아려 보니 한 배미가 없어졌다. 몇 번을 세어 보았지만 찾을 수 없어 포기하고 집으로 돌아기가 위해 벗어둔 삿갓을 들었더니 삿갓 아래 한 배미가 있었다는 이야기는 작은 땅도 논으로 만들어 경작했다는 남해인들의 억척 같은 삶을 우화적으로 표현하고 있다. 가천마을은 2002년 환경부로부터 자연생태 우수마을, 녹색경영대상 수상, 아름다운 마을 가꾸기 장려상 등을 수상하였고 농촌진흥청에서 농촌전통테마마을로 지정되었다. 논, 산림 및 바다의 자연적 경관과 마을에 있는 가천 암수바위, 밥무덤, 설흘산 봉수대와 같은 문화유산은 명승으로서의 가천 다랑이 논을 빛나게 하고 있다."
253,남해 용문사 괘불탱,경상남도 남해군 용문사길 166-11,34.7879404,127.9230404,보물,보물 제 1446호,055-860-8631,"봄, 여름, 가을, 겨울, 자가용/렌트, 친구, 우정女, 우정男, 나홀로",Y,,,"경직된 듯 조화롭고 세련된 표현기법을 보여주어 18세기 중반 불화 연구의 자료적 가치가 크다. 남해 용문사(龍門寺) 괘불탱(掛佛幀)은 본존불상 좌·우에 협시보살상(脇侍菩薩像)만을 배치시켜 삼존도(三尊圖) 형식을 보여주고 있다. 중앙의 본존불상을 위시하여 좌측(向右)에는 정면을 향한 채 똑바로 서서 여의(如意)를 들고 있는 보살상이 자리하고 있으며, 오른쪽(向左)에는 좌협시보살상과 동일한 자세로 서서 연꽃가지를 받쳐 든 보살상이 배치되어 있다. 중앙의 본존불상(本尊佛像)은 어깨가 훤히 드러난 오른손을 길게 내려뜨리고 왼손을 가슴 앞까지 들어 올린 채 두 발을 좌·우로 벌려 연화좌(蓮華座)를 딛고 서 있는 입불상으로, 둥글넓적해진 형태에 눈·코·입이 작게 묘사되고 미소가 잘 보이지 않는 경직된 표정의 얼굴은 수평으로 들어올려 각이 진 어깨와 더불어 18세기 후반 이후 불화들에서 주로 나타나는 전형적인 양식 특징이다. 좌협시보살상은 보관을 쓰고서 여의(如意)를 들고 있는 점으로 미루어 보아 석가모니불의 좌협시인 문수보살상이라 추정된다. 머리 크기에 비하여 어깨가 좁아지고 작아진 발로 인하여 위축된 느낌이 들긴 하지만, 팔에 걸쳐 흘러내린 길고 굵은 천의(天衣)자락으로 인하여 전체적으로는 안정감이 있어 보인다. 우협시 보살상 또한 좌협시보살상과 표현이 유사하다. 그림 하단부에는 화기(畵記)가 남아 있다. 이 괘불탱은 인물의 형태 및 표정, 신체 비례 등에 있어 18세기 중반 이후 불화의 전형을 잘 보여 주고 있을 뿐만 아니라, 경직된 듯 조화롭고 세련된 표현기법을 보여주어 18세기 중반 이후 불화 연구의 자료적 가치가 크다."
254,남해관음포이충무공유적,경상남도 남해군 남해대로 3829,34.9119328,127.8559065,사적,사적 제 232호,055-860-8631,"봄, 여름, 가을, 겨울, 자가용/렌트, 친구, 키즈, 연인, 우정女, 우정男, 나홀로, 단체",Y,,,"이순신(李舜臣) 장군의 전몰터로 장군의 호국(護國)ㆍ애민(愛民)정신이 머물러 있는 순국의 곳 남해사람들에게는 그리움의 상징인 660m 길이의 붉은 대문, 남해대교에서 섬의 한가운데를 향해 4㎞ 들어오면 관음포만의 초입에 조성된 사적 제232호 관음포 이충무공 전몰유허가 있다. 국가지정문화재인 이곳은 임진왜란의 마지막 격전지로 유명한 ‘노량해전’을 치르다 비장하게 전사한 이순신(李舜臣) 장군의 전몰터로 장군의 호국(護國)ㆍ애민(愛民)정신이 머물러 있는 순국의 곳이다."
